"0","Imagine example","99.44","false"
"1","Health model body ready","288.32","false"
"2","Understand attention purpose","220.16","false"
"3","Finally bag production","129.39","false"
"4","Fund policy","144.89","false"
"5","Know win past suggest join","416.91","true"
"6","Teacher born probably while","226.68","false"
"7","Develop work door pass","272.70","false"
"8","Prepare each easy check choose","297.29","true"
"9","Deep those","476.70","true"
"10","Live box will","207.32","false"
"11","Move else pretty return","394.45","true"
"12","Quickly somebody practice give","226.99","true"
"13","Defense dream would able","334.52","false"
"14","Thus person strategy","423.91","false"
"15","Able sea reveal","113.03","false"
"16","Sit speak couple sound","89.24","true"
"17","Green PM occur relationship all","94.07","false"
"18","Know between student fall in","213.75","true"
"19","Us result tell","464.12","false"
"20","Clear here much save","256.15","false"
"21","Detail risk hundred shoulder energy","185.52","false"
"22","International natural","424.49","false"
"23","Appear agreement rate result","26.65","true"
"24","Career vote","269.20","true"
"25","Spring will gun audience","86.07","false"
"26","Ten five long never wide","333.76","false"
"27","Score later current","259.49","true"
"28","Anyone appear a buy","278.17","true"
"29","State scientist","174.00","false"
"30","President big","450.81","true"
"31","Special full avoid peace","73.83","false"
"32","Attorney hospital popular","243.24","false"
"33","Consumer radio send American finish","387.74","true"
"34","Charge real cultural couple describe","223.39","false"
"35","Participant together exactly","153.91","true"
"36","No traditional full realize","313.58","true"
"37","Race himself office","485.22","true"
"38","Police usually coach draw","343.70","true"
"39","Instead doctor","316.97","true"
"40","Mind way painting produce","184.09","true"
"41","Also feel","76.52","true"
"42","Nearly field investment week","393.08","false"
"43","Approach especially doctor smile","243.06","true"
"44","Appear why","320.93","false"
"45","Thus wind so","321.49","true"
"46","Raise down region majority","213.59","true"
"47","Environmental plan night","49.68","true"
"48","Remain very who student","211.78","false"
"49","Check box allow","383.09","false"
"50","Notice model more","122.12","true"
"51","Defense win hospital decision","347.63","true"
"52","Member field parent worry","10.96","false"
"53","Raise identify","154.05","true"
"54","Allow owner","37.94","false"
"55","Still along player","454.77","true"
"56","Number writer a decide","418.39","true"
"57","Movie key hospital","332.13","true"
"58","Parent role party","353.20","true"
"59","Provide large friend safe","272.15","true"
"60","Page cell","294.13","true"
"61","Position race trial newspaper father","184.74","false"
"62","Perform style drug fight","106.73","true"
"63","Its sea policy thought","265.05","false"
"64","Difficult event thought ever energy","353.50","true"
"65","Industry fire of stuff hear","230.66","true"
"66","This know mouth miss since","155.04","false"
"67","Society course chair bill all","496.76","false"
"68","Book analysis","440.83","false"
"69","Discover same idea include will","305.78","true"
"70","Form major","461.28","false"
"71","Eye boy his body be","336.08","true"
"72","And various none ago light","78.66","false"
"73","Law interview","201.46","true"
"74","Coach sound consider certainly","259.16","false"
"75","Probably young particular affect","307.98","false"
"76","Perform deep but appear","480.26","true"
"77","Activity several cost","458.28","true"
"78","Thank although born political","365.24","false"
"79","Investment computer responsibility","213.51","false"
"80","Table main simple","279.21","true"
"81","West size avoid similar fish","376.82","false"
"82","Story break never while","61.39","false"
"83","Sit real","375.73","true"
"84","Heart court grow spend","208.08","true"
"85","Score whatever south middle myself","267.15","true"
"86","Watch everyone feel tough white","196.24","false"
"87","These shoulder forget western popular","425.08","true"
"88","Value executive sport","473.65","false"
"89","However high yeah","447.77","true"
"90","Brother crime travel actually if","267.51","false"
"91","Before process role","338.90","false"
"92","Compare man","491.57","false"
"93","Inside ago both main","344.92","true"
"94","Long service scene factor","171.73","false"
"95","Clearly upon coach edge","204.87","false"
"96","Method common young describe","415.05","false"
"97","Provide ball business drive","344.13","false"
"98","Meet over its","76.63","true"
"99","Whether keep","100.16","false"
"100","Particular yeah action","469.35","false"
"101","Eight nature price","461.43","false"
"102","Hour site","58.03","true"
"103","First read together sport","4.78","false"
"104","Although heart cause","35.83","false"
"105","Up spend answer long","312.43","true"
"106","Among security floor wish floor","208.52","true"
"107","Health since conference east buy","272.68","false"
"108","Hand half central PM","37.77","true"
"109","Pattern approach very part person","130.40","true"
"110","Traditional resource network ok","431.83","true"
"111","Buy kitchen painting","44.29","false"
"112","Structure different maintain describe ground","285.85","false"
"113","During necessary student collection maintain","363.75","true"
"114","Sound sea station","26.80","true"
"115","Health marriage long single","222.34","true"
"116","Agree between management anyone other","132.78","false"
"117","Claim language grow","333.61","true"
"118","Various start nation religious least","8.05","true"
"119","This season only","436.96","false"
"120","Lose size both buy","393.65","false"
"121","Thought ok middle throw","498.65","true"
"122","Threat particular set","479.29","true"
"123","Manage pick forward father","17.81","true"
"124","Without hair response idea","118.62","true"
"125","Detail manager movie wife young","91.65","true"
"126","Know TV expert strategy move","191.24","false"
"127","Top policy pattern across","12.73","true"
"128","How suffer me","8.78","false"
"129","Get parent mission mission","255.22","true"
"130","Professor state street television","85.42","true"
"131","Artist figure not military","275.45","true"
"132","Fly there audience fight","137.19","false"
"133","Able rise whether lay approach","283.75","true"
"134","Different north yourself dark way","141.47","true"
"135","Right reason modern south television","262.41","true"
"136","Rest trouble pick baby should","456.33","false"
"137","At table entire","354.22","false"
"138","My year list least","344.77","true"
"139","Relate moment star","448.56","false"
"140","Week main Congress security","354.29","true"
"141","Necessary increase","466.70","false"
"142","Clearly stop arm class","404.53","false"
"143","Herself most term clearly","34.43","true"
"144","Fine physical nature","14.27","false"
"145","Indicate husband just car","324.99","true"
"146","Someone up important","272.97","true"
"147","Fine your agent","145.96","false"
"148","Through off four","400.87","true"
"149","First color","412.81","true"
"150","Debate girl wide cup whole","12.46","true"
"151","Economy treat reality wrong","327.40","false"
"152","Fear project value friend","275.05","false"
"153","Cell party less himself","153.98","true"
"154","Free agency government","310.97","false"
"155","Culture enough leg look organization","468.59","true"
"156","Sister better age better","483.62","false"
"157","Party explain drug power","261.41","true"
"158","Business more answer those","218.80","false"
"159","Develop democratic rate","73.21","false"
"160","Hundred effort","475.47","true"
"161","Simple cause clearly opportunity sea","412.92","true"
"162","Billion reality rise","79.01","true"
"163","Establish color involve","401.01","false"
"164","Foot administration argue follow","376.87","false"
"165","Three attack quite imagine scene","384.00","false"
"166","Peace when art step military","21.31","true"
"167","Lay outside price","491.61","false"
"168","Individual true oil just","467.25","false"
"169","Act across past","296.06","true"
"170","Fine democratic","64.87","false"
"171","Stay new daughter real whose","262.39","true"
"172","Each rock ground wonder generation","299.77","false"
"173","Call past both industry I","259.45","false"
"174","Over fly indicate","420.53","false"
"175","Authority well forget thought they","210.46","true"
"176","Necessary total particular despite send","497.18","false"
"177","Leg itself","134.04","false"
"178","Assume raise on source","205.78","true"
"179","End film","132.08","true"
"180","Hope respond indeed people economy","151.17","false"
"181","Parent set than research","218.07","false"
"182","Positive help window sit poor","280.59","false"
"183","Significant factor","139.20","true"
"184","Movement including","397.88","false"
"185","Agreement let check significant","362.22","false"
"186","Financial difficult almost assume","494.98","true"
"187","Act care listen","185.95","false"
"188","Than technology instead","421.09","false"
"189","True after head project discussion","480.28","true"
"190","American include carry central","108.25","true"
"191","Thus stay floor reach","407.80","false"
"192","Stop wide popular hold consumer","105.34","true"
"193","Relate figure point authority many","207.48","false"
"194","Another during","185.37","false"
"195","Everybody moment theory follow prepare","448.51","false"
"196","Money it manage","251.62","false"
"197","Ask smile tree","426.79","true"
"198","Method put relate","262.19","true"
"199","Break send own television","195.57","true"
"200","Name camera ago","177.73","false"
"201","Huge relationship","124.27","false"
"202","Because water best","19.48","false"
"203","Me billion risk material","250.02","true"
"204","Make throughout process only over","294.15","true"
"205","Quite exist care","378.56","false"
"206","Agreement own card cold","279.24","false"
"207","Thousand money until before performance","135.67","false"
"208","Democrat everyone assume","430.26","true"
"209","You event table","74.91","false"
"210","Few fish","261.10","true"
"211","Measure memory stuff understand","68.01","false"
"212","Interest wonder young still","229.81","true"
"213","Painting receive","83.46","true"
"214","Mission quickly policy agency assume","254.90","true"
"215","Expect light speech against","307.87","true"
"216","Effect all window because","359.06","false"
"217","Then side walk","141.35","false"
"218","East evidence way remember","387.71","false"
"219","Event individual provide","451.09","false"
"220","Whom central notice pressure","401.31","true"
"221","Offer Democrat dark maybe","13.83","true"
"222","Marriage pick perhaps science boy","406.87","false"
"223","Early range","174.11","false"
"224","Mean big","468.98","false"
"225","Deep few our capital affect","252.31","false"
"226","Cover finally behavior billion","52.11","true"
"227","Mother answer through","146.05","false"
"228","Through field","225.32","false"
"229","Sense only something","321.36","true"
"230","Indicate my send for avoid","492.24","false"
"231","Control box anyone","91.31","false"
"232","Voice author","223.96","false"
"233","Material list","318.17","true"
"234","Pattern next college same carry","342.47","false"
"235","Nothing fight whatever today","94.94","true"
"236","Other left mention","150.59","true"
"237","Democratic option student husband","191.17","false"
"238","Answer dark trial listen","487.14","true"
"239","Sing rise character form","440.72","true"
"240","Rest resource consider give","178.92","true"
"241","Price sign pressure training","55.11","true"
"242","Watch cell head century have","271.18","false"
"243","Key sort likely short own","322.73","false"
"244","Grow such party involve well","48.36","true"
"245","Give bank air","500.79","true"
"246","Drive management physical","48.16","true"
"247","Piece wrong interesting most knowledge","310.05","false"
"248","Apply sound","278.12","true"
"249","Lose their","85.35","true"
"250","Pull TV think","405.27","false"
"251","Letter relationship I approach","482.63","true"
"252","Along air but fear","432.90","false"
"253","Company too bed main","342.31","true"
"254","Trade very bank","33.86","true"
"255","Whose country","464.65","false"
"256","Reality truth","244.38","true"
"257","Successful way might","353.66","true"
"258","Over power various name close","13.04","false"
"259","Mention table","49.06","true"
"260","Throw probably also","425.86","true"
"261","Cultural now before","187.14","true"
"262","Never nice agency","275.95","false"
"263","Citizen way","179.86","false"
"264","Memory improve nice same stand","148.31","false"
"265","Attention dog arrive business together","389.86","false"
"266","Identify see","234.82","true"
"267","Write attorney","489.03","false"
"268","Remain since truth range","194.87","true"
"269","Indeed best","297.18","true"
"270","Suffer of impact push","268.10","false"
"271","Follow happen support serve everybody","424.91","true"
"272","Medical article million design","66.01","false"
"273","Rate stage watch raise dark","384.47","true"
"274","Might food action level","84.62","false"
"275","Yard mouth floor green","115.74","true"
"276","Create blood act hundred","109.63","false"
"277","Structure east she son","80.40","false"
"278","Ball edge yourself deal seek","388.36","true"
"279","Huge people believe be follow","37.34","false"
"280","Little behavior gun two","1.39","true"
"281","Common name adult","390.60","true"
"282","Dinner tend act","69.02","true"
"283","Night window own stand","327.51","true"
"284","Window yet common","60.14","false"
"285","Kitchen radio wait","267.14","true"
"286","Turn born friend own hit","425.27","false"
"287","Others situation clearly","242.89","true"
"288","Choice represent return","32.31","false"
"289","Teach wide number","357.18","true"
"290","Difference oil room political","92.85","true"
"291","Difference allow","236.29","true"
"292","Ability military instead trade","213.71","false"
"293","Radio center","384.06","true"
"294","Once just number","475.60","false"
"295","Career seem","458.10","false"
"296","Suggest production perform window","479.43","true"
"297","Material a miss","10.48","true"
"298","Role cost look civil choose","135.82","true"
"299","And technology fact","185.64","true"
"300","Any instead realize","56.27","true"
"301","Statement paper natural","98.73","false"
"302","From none consider happen certainly","186.61","false"
"303","Deep feeling choice","422.89","false"
"304","Sort difference decade choose weight","195.31","true"
"305","Character idea administration","113.91","true"
"306","Community plan wall east treat","313.52","false"
"307","Actually discussion relate trip hotel","46.16","false"
"308","Individual about","279.25","false"
"309","Ahead discover draw yet","128.31","false"
"310","Mention will happy than","275.53","false"
"311","Style whose believe time","312.28","false"
"312","Mouth clearly crime election activity","104.11","false"
"313","Money would realize","54.48","false"
"314","Between subject life agree family","447.15","false"
"315","Write behavior","53.38","true"
"316","Example tend heart strong","455.85","true"
"317","Attention piece firm","299.86","false"
"318","Skill quality finish","369.07","false"
"319","Season under expect house","197.09","true"
"320","Network understand require","249.27","true"
"321","Real mother","135.14","false"
"322","Sea son such participant thank","429.12","true"
"323","Bad of professional","233.50","false"
"324","Onto stand training whom test","398.36","false"
"325","Foot kid least away","107.18","false"
"326","Sound better choose return consider","219.12","true"
"327","Risk thank hundred worry special","23.74","false"
"328","Wife here cup kind effort","321.11","false"
"329","Create history investment difference","111.56","false"
"330","Camera their western free","115.65","false"
"331","Century can sing","274.15","true"
"332","New site","71.40","false"
"333","Suddenly conference anyone his cup","297.39","false"
"334","Rise participant","418.06","false"
"335","President change","37.71","false"
"336","Stock court several","10.24","false"
"337","Commercial treatment","70.48","true"
"338","Certain first very","36.62","false"
"339","Meet lose set","158.10","false"
"340","Few television foreign study","96.83","false"
"341","Response hope live","405.68","true"
"342","Stay but","127.04","false"
"343","Necessary democratic top low","96.36","true"
"344","Town class arm have","116.12","true"
"345","Happen especially manager could she","420.62","true"
"346","Young hotel","448.90","true"
"347","Time whether city environment","271.11","true"
"348","Grow political","487.03","false"
"349","No challenge open top","442.27","true"
"350","Standard born let water","78.23","true"
"351","Fine pressure","248.17","true"
"352","Morning image","132.77","true"
"353","Heart moment actually","316.31","false"
"354","Good special","400.14","false"
"355","Matter thing also remain","258.02","true"
"356","Agreement catch here notice","152.12","false"
"357","Fill behavior toward beautiful oil","171.90","true"
"358","Down with where figure collection","378.80","true"
"359","Democratic civil reduce","447.20","true"
"360","Company food","305.41","true"
"361","Thousand measure draw","418.43","true"
"362","Interview white interesting","433.03","false"
"363","Partner candidate west","218.43","true"
"364","Easy environmental time","14.40","true"
"365","Light assume move guess","53.21","true"
"366","Send type city own","492.55","false"
"367","Money north","322.46","false"
"368","Company think could","488.68","true"
"369","Have executive cold walk","244.31","true"
"370","Policy sell where occur","458.30","true"
"371","Hold reality read","475.50","false"
"372","Win recent lose agree back","241.44","false"
"373","Admit TV","54.75","true"
"374","Nice generation term natural","100.08","false"
"375","Third city goal everyone special","332.46","false"
"376","Bit until item from","48.29","false"
"377","Music group","157.35","false"
"378","Company executive book market","313.31","true"
"379","Fish according seat","344.05","true"
"380","Plan amount","264.09","true"
"381","Effort local","393.19","false"
"382","Keep see write treatment","4.70","false"
"383","Recent although one","367.71","true"
"384","Cost there magazine miss itself","274.05","false"
"385","Account page","463.18","false"
"386","Week crime body property","142.87","true"
"387","Environmental cup talk","176.48","true"
"388","Country quite section that","37.99","true"
"389","Sell against weight Mr seek","465.70","true"
"390","Section short serious option understand","58.73","true"
"391","Attorney political firm","155.17","false"
"392","Together evidence east","224.29","true"
"393","Art daughter purpose","165.99","true"
"394","Positive hot","388.11","true"
"395","Player suffer","425.51","true"
"396","Free wait","475.80","false"
"397","Against history","149.97","true"
"398","Work morning natural trade Congress","342.46","false"
"399","Small fill majority behavior","128.10","true"
"400","Or establish player wide table","464.14","false"
"401","Report leave accept","490.49","true"
"402","Music around","69.17","true"
"403","Interest sing series","261.95","true"
"404","Seat doctor hope best throughout","391.26","true"
"405","Method subject voice skill enjoy","211.41","true"
"406","Least strong card","100.29","false"
"407","House determine apply letter","353.60","true"
"408","Matter add walk participant","16.93","true"
"409","Green not","12.81","false"
"410","Light ahead international","47.76","false"
"411","War likely pattern","490.60","true"
"412","Even use reduce though","389.86","false"
"413","Half enter country red recognize","485.73","false"
"414","Opportunity drug suffer physical technology","464.07","true"
"415","Ready television some","341.48","true"
"416","Operation sport same name","345.29","false"
"417","Usually ready research data","309.00","false"
"418","Above parent avoid","421.74","false"
"419","More camera hear","457.01","false"
"420","Pull out adult before military","354.36","false"
"421","Factor alone region find","150.69","false"
"422","Away have employee","111.61","false"
"423","Account court skin star series","304.55","false"
"424","Challenge right minute produce","400.43","true"
"425","Recent general street career","230.15","false"
"426","Six chance","241.39","false"
"427","Piece contain media act","24.48","true"
"428","Bag simple total beat","320.45","false"
"429","Then thing power hope suddenly","360.77","false"
"430","Cultural land","206.30","true"
"431","Crime hit stop off","426.19","false"
"432","Husband not hour deep so","125.16","false"
"433","Church again night","466.90","true"
"434","Body service offer try","213.96","true"
"435","Catch them bar on","233.67","false"
"436","Director reveal party","280.08","true"
"437","Probably line professor","92.73","false"
"438","Current red","70.65","false"
"439","Community food sister break","97.30","true"
"440","Sister up from","296.53","false"
"441","Task in chair","145.78","false"
"442","Month how address indeed three","367.86","false"
"443","Congress industry list bit","388.41","true"
"444","Hotel process field happy","99.16","true"
"445","Cup herself attorney","451.87","false"
"446","Rule kid ever magazine","203.30","true"
"447","Care though pattern sit accept","140.96","true"
"448","Buy mouth find","227.21","false"
"449","Low single human","351.04","true"
"450","Practice ahead site","178.22","false"
"451","List none door indeed","11.00","false"
"452","Pretty suggest member","111.53","true"
"453","Forward late chance","341.76","false"
"454","Occur people","186.38","true"
"455","Our human woman","94.55","false"
"456","Class become","102.95","true"
"457","Stuff couple beat nature phone","16.52","true"
"458","Toward family such","306.92","false"
"459","Everything explain","54.49","true"
"460","Use growth short camera","440.33","false"
"461","Finish year beyond","265.05","false"
"462","Dog option","92.14","true"
"463","No anyone add speak","426.30","true"
"464","Front sea out focus","481.39","true"
"465","Item right","405.58","true"
"466","Join meet into","200.21","true"
"467","Dark however","52.44","false"
"468","Attention standard","286.69","false"
"469","Toward home several follow couple","28.99","false"
"470","Chance cost tax get","275.78","false"
"471","Allow history item foot","224.98","false"
"472","Factor anyone hear","379.21","false"
"473","Hope sense few according writer","224.42","false"
"474","Cut plan popular","121.88","false"
"475","During reality difference foot this","199.54","false"
"476","Save team leave","39.54","false"
"477","Run suggest hair","263.13","false"
"478","Fast recently school share sometimes","174.08","true"
"479","Story city indicate instead sense","26.87","false"
"480","According use save ten","207.74","true"
"481","Opportunity produce","233.06","true"
"482","Eat blue build president","42.58","true"
"483","Computer charge wall","48.71","true"
"484","Magazine summer book","322.96","true"
"485","Bring someone sense generation tend","315.57","true"
"486","Room on worry successful","115.82","true"
"487","Right discuss his report author","43.52","true"
"488","Ok listen painting","460.37","true"
"489","Tell mother hit","304.57","true"
"490","War law help dark","182.86","false"
"491","Until recently section","242.72","false"
"492","Address pull yes me","250.67","true"
"493","Easy with policy join","306.08","false"
"494","Per want home skill public","440.93","true"
"495","Standard pull sister answer","322.56","true"
"496","Detail property whatever everybody offer","301.91","true"
"497","Week per property","361.81","false"
"498","Member stop admit","305.30","false"
"499","Maybe final near perhaps","256.52","true"
"500","Spring throughout","243.10","false"
"501","Fill deal","483.42","false"
"502","How arm indicate less simple","114.97","false"
"503","Behavior travel everybody","186.94","false"
"504","Spring strong","227.48","true"
"505","Team place as history","5.03","true"
"506","Church church second catch","216.29","false"
"507","Ten interview think step","179.66","true"
"508","Series very site","238.03","false"
"509","Type firm government","250.71","false"
"510","Magazine able tax with condition","227.53","true"
"511","Wall main say","79.85","true"
"512","Across walk hope we","299.12","true"
"513","General somebody hard","228.35","false"
"514","Prove today help according","125.45","true"
"515","Million alone view matter","161.88","false"
"516","Change develop develop","390.60","true"
"517","Event whom attack","363.17","true"
"518","Sister something lose","106.06","false"
"519","Edge situation meet camera right","62.14","false"
"520","Gas myself medical market","290.05","true"
"521","Tough guy thousand loss","129.91","false"
"522","System go every","135.10","true"
"523","Act strong well maybe","347.55","true"
"524","Or evidence pattern art","242.65","true"
"525","Particular beat kid impact","413.38","false"
"526","Edge state need available","266.40","false"
"527","Section point upon spend","139.22","false"
"528","Necessary allow energy reflect","447.66","false"
"529","Part four under one stock","333.58","true"
"530","Increase thought picture","37.81","false"
"531","Success computer","190.15","true"
"532","Year establish just can left","30.87","true"
"533","No respond wait pass","232.35","true"
"534","Remember change interesting statement town","227.15","true"
"535","Message model finally lose product","372.78","true"
"536","Mission collection while provide","460.96","false"
"537","Involve within us appear","329.37","true"
"538","Responsibility mean others over","186.65","false"
"539","Market left describe not property","374.67","true"
"540","We sense develop race","26.18","true"
"541","Training movie what modern","413.11","true"
"542","Way third simply alone","217.71","false"
"543","Source public","134.89","false"
"544","Big across","294.45","false"
"545","Magazine single which nation","167.49","false"
"546","Stay like size local","351.95","false"
"547","Marriage war church quite stuff","246.64","true"
"548","Material protect","161.55","false"
"549","Everyone image camera contain","296.58","false"
"550","Employee environment practice","466.92","false"
"551","Science government third","344.78","true"
"552","Tough collection","416.76","false"
"553","Finally opportunity wrong","85.30","false"
"554","Life everything","282.21","true"
"555","Quality say good wonder","105.22","true"
"556","Everybody government report order","23.76","false"
"557","Those ground small remain","114.56","true"
"558","Picture one have project anyone","468.47","true"
"559","The know go lay","167.49","false"
"560","Successful professional military turn","109.94","false"
"561","Blue modern offer move policy","13.47","true"
"562","Maybe official spend simple science","382.20","false"
"563","Pull speak best member six","253.58","false"
"564","Term image","205.12","false"
"565","Raise medical","247.20","true"
"566","Agree bill","269.07","false"
"567","Several offer American do","122.78","false"
"568","Miss agreement world view","263.56","true"
"569","Personal trip increase","237.25","true"
"570","Begin Mr","86.83","true"
"571","Allow building use million none","19.42","false"
"572","Man father court","463.53","true"
"573","Sense manager","343.76","false"
"574","Indicate himself nothing","125.18","false"
"575","Least throughout agency","397.04","true"
"576","Buy again push","336.61","true"
"577","Pay other raise heavy","463.42","false"
"578","Anything sense early","423.07","true"
"579","Ten science her","500.22","false"
"580","Artist little","164.28","true"
"581","Group seek away","314.41","true"
"582","Industry least","42.63","true"
"583","Attack rock voice","313.27","false"
"584","Sort argue why","20.23","false"
"585","Last cause already","229.66","true"
"586","Particular during from away be","349.64","false"
"587","Later draw","175.51","false"
"588","Open eye hold far","397.62","false"
"589","Standard front memory","201.94","false"
"590","Range beyond who onto","263.96","true"
"591","Want tonight north south maybe","86.43","true"
"592","Firm party","476.32","false"
"593","Development another bit police","423.80","true"
"594","Term notice up without other","93.43","true"
"595","Morning her","163.37","true"
"596","Walk lot","31.53","true"
"597","Subject wind example report","420.02","true"
"598","Walk detail to","30.03","false"
"599","Together decade difficult focus see","108.52","false"
"600","Stand take all employee change","432.08","true"
"601","Work Congress boy total key","273.43","true"
"602","International read personal","354.64","true"
"603","Large choose administration brother","291.45","true"
"604","Time issue government candidate","267.53","false"
"605","He represent music agree","229.29","true"
"606","Hundred place PM","209.60","true"
"607","Official anyone","435.72","false"
"608","Source room coach","413.95","false"
"609","Other movement determine","51.13","false"
"610","Huge argue prepare","149.39","false"
"611","Huge even eat ability believe","279.52","false"
"612","Dream discussion never major","216.09","true"
"613","Name manage wife","367.69","true"
"614","Various any wife","450.39","true"
"615","Record young member","144.90","false"
"616","Course bill","239.58","true"
"617","Oil gun once clear four","358.36","true"
"618","Data remember","435.23","true"
"619","Drop country rise","59.55","true"
"620","Lawyer among wife","238.36","true"
"621","Eight care bed attention difficult","58.04","true"
"622","Threat occur possible conference political","156.13","true"
"623","Media including enter","195.10","true"
"624","Although exactly","263.32","true"
"625","Total small civil","386.60","false"
"626","Out difficult change imagine","350.34","true"
"627","Long later hand bad","335.54","true"
"628","Vote drive find","119.59","true"
"629","Full more season himself","95.08","true"
"630","Piece environment better start traditional","202.90","false"
"631","Stand final lay","105.27","true"
"632","Forward law lot cut","271.08","true"
"633","Movie thousand bit","38.64","false"
"634","Ground produce certain really defense","355.39","true"
"635","Country not sell","122.62","false"
"636","Indeed point night","112.70","false"
"637","Bar very some safe","230.49","false"
"638","Represent production","323.85","true"
"639","Lose just behind development avoid","341.73","true"
"640","Agency benefit while","386.26","false"
"641","Evening ground leg","169.64","true"
"642","Answer Mrs","180.90","true"
"643","Only say friend possible","417.96","true"
"644","Animal cover","417.44","true"
"645","Example have","223.16","false"
"646","Present why our","12.21","false"
"647","Can worry","240.50","true"
"648","Choose their tend walk","188.28","false"
"649","Commercial color son certainly","418.44","true"
"650","Mention audience near","83.69","true"
"651","Stand image","424.13","false"
"652","Fire learn activity red toward","30.39","false"
"653","Student own evening collection course","312.54","false"
"654","Organization simply spring","468.37","false"
"655","Mind but energy","130.72","false"
"656","Probably say than wish care","308.35","false"
"657","Share type message despite","307.97","false"
"658","Friend piece unit system","206.20","true"
"659","Game success foreign","354.70","true"
"660","Institution home enough early","196.09","true"
"661","Glass section baby eat","296.27","true"
"662","Special leader why use marriage","209.04","false"
"663","They soldier then risk","352.00","true"
"664","World whom growth serve","409.99","false"
"665","Million wish source many","229.61","false"
"666","Score relate when soon","410.35","true"
"667","Church painting leg attention such","8.20","false"
"668","Position pull choice return likely","432.79","true"
"669","Answer effort open for","150.47","true"
"670","Attack cover heavy","383.85","false"
"671","Lot put dinner American difference","62.00","false"
"672","At expect offer personal pattern","158.91","true"
"673","Other break cover success","448.83","false"
"674","Population finish me","128.99","false"
"675","Southern along behavior language","158.48","false"
"676","Over decade above under among","466.49","false"
"677","Compare continue rich","448.16","true"
"678","Point on","385.03","false"
"679","Trip have big","415.16","true"
"680","Rich along","198.98","false"
"681","Anyone drive newspaper","439.05","false"
"682","Food subject full walk move","378.17","false"
"683","Stand choose national","497.99","false"
"684","Manage recognize this","134.10","true"
"685","These American article cup","313.61","true"
"686","Human lead lot","328.52","true"
"687","Choose example expect","172.84","true"
"688","Woman current management seek","145.70","false"
"689","Share pattern radio","153.05","true"
"690","Tax low but","104.38","true"
"691","Evening radio page recently","337.88","false"
"692","Score reason reason","202.64","false"
"693","Though over why","421.11","true"
"694","Natural black anything arrive go","422.78","false"
"695","That lay size feeling","142.76","false"
"696","Big commercial until hit heart","242.67","true"
"697","Until draw very","103.50","true"
"698","Than notice","479.44","true"
"699","Against several","243.80","false"
"700","Explain admit war station","289.08","false"
"701","Voice play small mouth president","130.22","false"
"702","Spring west traditional","473.74","true"
"703","West long suddenly throughout","306.15","false"
"704","Medical together","442.75","true"
"705","Force section throw represent","303.30","true"
"706","Out require realize probably","358.30","false"
"707","Together too three whose","264.88","true"
"708","Writer window firm writer father","338.44","true"
"709","Training indeed site north","396.77","false"
"710","Hand area","268.23","true"
"711","Apply determine weight such traditional","94.68","false"
"712","Bag kind","82.07","false"
"713","Kind stay relationship believe","61.04","false"
"714","Water others","83.63","false"
"715","Smile also Democrat how","486.83","false"
"716","Maintain support while","227.19","false"
"717","Court serve","98.37","true"
"718","Occur including","276.59","false"
"719","Eight play camera suffer","353.71","true"
"720","Attorney by discussion avoid Congress","53.15","false"
"721","Paper kind","451.60","true"
"722","Picture choice stock base","407.29","false"
"723","Choice threat already former","173.88","false"
"724","Religious head friend their","40.97","true"
"725","Million add company industry","345.19","false"
"726","Half alone memory democratic","367.73","false"
"727","Loss no","47.39","true"
"728","Able physical discuss opportunity cell","86.39","true"
"729","Wide lot recently","341.22","true"
"730","Second necessary key","92.26","true"
"731","Leave since writer always","214.28","false"
"732","Service he voice","432.04","true"
"733","Control area tax plant","459.01","true"
"734","Commercial low future","286.40","true"
"735","Culture study available example north","398.52","true"
"736","Every the her","199.87","false"
"737","Value than believe worker prepare","414.11","false"
"738","And hour thus bad","104.39","false"
"739","Should always arrive","495.59","false"
"740","Security large","274.89","false"
"741","Risk listen second","166.42","false"
"742","Effort recognize support small right","209.11","false"
"743","Two get give","95.82","false"
"744","Ten maintain author","92.77","false"
"745","School body party blue","477.31","true"
"746","Would Congress forget morning window","311.57","false"
"747","Learn begin","360.14","false"
"748","Doctor affect","381.62","true"
"749","When executive","309.88","true"
"750","Community administration majority do","179.91","false"
"751","Trouble interview care","121.65","false"
"752","Son himself talk","55.83","true"
"753","Society free recognize","339.45","true"
"754","Least coach stay","435.32","false"
"755","Store garden cut letter expert","35.77","true"
"756","Check him me","186.73","true"
"757","Sort avoid see recognize","99.30","false"
"758","Often employee still","124.36","false"
"759","Heavy money dream","126.74","false"
"760","It market audience","325.95","true"
"761","Different decide fast most","67.38","true"
"762","Collection big scene","316.85","true"
"763","Phone produce","387.47","true"
"764","Yourself always","449.56","false"
"765","Perhaps exactly consumer anything","490.07","true"
"766","Must group already smile","174.00","true"
"767","Few small protect","137.18","false"
"768","Issue imagine","12.03","false"
"769","Assume billion off book agency","10.97","false"
"770","Never admit reduce statement","122.99","false"
"771","Research return skill rise","66.11","false"
"772","Expert space goal religious","413.11","true"
"773","Discussion without successful catch","25.06","true"
"774","Kid however billion","115.58","false"
"775","Carry travel themselves","199.06","true"
"776","Institution ok notice west task","349.91","true"
"777","A hot year recently","87.45","true"
"778","Which through west","428.10","true"
"779","Ten by","37.44","false"
"780","They whatever food compare general","63.69","true"
"781","Decide cell doctor police continue","98.23","false"
"782","Four design poor","486.81","false"
"783","Late peace mean","457.50","true"
"784","Start mother TV little season","213.28","true"
"785","Science sign owner nor","500.72","true"
"786","Impact upon Congress","456.11","false"
"787","Together woman store join film","62.32","false"
"788","Unit government radio manage","436.35","true"
"789","Parent instead","75.58","true"
"790","Think general beat structure","394.75","false"
"791","Operation computer throw campaign","403.36","true"
"792","Appear friend key receive","236.05","true"
"793","Short by production just these","183.05","true"
"794","Dark future specific","183.32","false"
"795","Hot consider","221.96","false"
"796","Receive difficult dog","436.77","false"
"797","Language offer tonight","6.27","false"
"798","Religious the TV history","492.20","true"
"799","Cut computer create history","14.87","false"
"800","Effect billion product require","264.06","true"
"801","Owner ahead","473.07","false"
"802","Final audience space rest","145.22","false"
"803","Our onto much garden","353.85","false"
"804","No road majority","333.36","false"
"805","Each best everyone fast help","53.67","false"
"806","Fact stop","361.66","true"
"807","Economic discuss cause","338.67","true"
"808","Today paper key","268.30","false"
"809","Eat why voice under possible","198.86","true"
"810","Relate although late","210.56","false"
"811","Agree physical","372.33","true"
"812","Far heavy responsibility","188.55","false"
"813","Argue partner environment","222.44","false"
"814","Something name determine","299.07","true"
"815","Unit feeling speech soldier","155.14","false"
"816","Himself song","136.00","false"
"817","Blood dinner first pick","254.63","false"
"818","Debate value over","236.16","true"
"819","Effect prepare seven effort difficult","251.01","false"
"820","Allow idea society offer","459.78","true"
"821","Someone form local","22.71","false"
"822","Myself whatever group participant bit","95.30","false"
"823","Car various sport","240.77","true"
"824","Or factor hard among past","365.23","true"
"825","Hold sure authority international","205.35","true"
"826","Life lot","25.80","true"
"827","Worker she","475.92","false"
"828","National window network list","463.93","true"
"829","Your claim suffer follow","363.92","false"
"830","Within thus pull","387.69","true"
"831","Guy some","235.49","false"
"832","Idea almost whom","323.16","false"
"833","Make growth today","231.08","true"
"834","Special participant realize","186.06","false"
"835","Age technology imagine name address","40.71","false"
"836","Head material team direction","130.54","false"
"837","Eat respond","163.48","false"
"838","Husband candidate level","142.74","true"
"839","Newspaper better say her Mrs","118.36","false"
"840","Expect growth dark","219.53","false"
"841","Popular after writer","415.44","false"
"842","Together fund church","447.36","true"
"843","Level act plant","6.42","true"
"844","So final","97.00","false"
"845","We grow","165.08","true"
"846","Land meet debate poor","458.83","true"
"847","Understand community at detail road","408.37","true"
"848","Simple school project","183.17","true"
"849","Assume decide","450.27","false"
"850","Serious himself relationship","110.19","false"
"851","Near late stage","76.74","true"
"852","Me really marriage","416.19","true"
"853","Draw here kind","342.69","false"
"854","Which wonder huge though","94.05","false"
"855","My everybody run","335.49","false"
"856","Occur TV if toward member","234.80","false"
"857","Price find sometimes ahead","11.44","true"
"858","Large anyone step again race","5.05","false"
"859","Business great the born","241.03","true"
"860","Wide avoid","290.01","false"
"861","Stop there east","236.54","true"
"862","Analysis operation popular will","302.88","false"
"863","Develop model","5.37","false"
"864","Store once spend whether two","293.03","true"
"865","Young instead","275.87","true"
"866","Listen poor fire","361.52","true"
"867","Page might pretty job plan","456.53","false"
"868","Official sport","215.51","true"
"869","Forget impact something station money","73.90","true"
"870","People middle than their","2.36","true"
"871","Movement stuff","68.73","true"
"872","Page study smile model","353.05","true"
"873","Offer if drive party","134.85","true"
"874","Newspaper assume","104.21","true"
"875","Science section at popular people","275.26","true"
"876","Career face each space","333.41","true"
"877","Protect receive simply authority","358.48","true"
"878","Own doctor","54.83","false"
"879","Method away hold have share","115.96","true"
"880","Morning sport mind single loss","146.00","false"
"881","Lawyer bed magazine","481.33","false"
"882","Age type investment","210.39","true"
"883","Resource grow door already family","158.47","false"
"884","Into age institution control quality","355.26","true"
"885","Near prevent worry loss include","128.53","false"
"886","Act prove become either","266.23","false"
"887","Successful although expect particular couple","222.51","false"
"888","Represent personal matter","22.81","false"
"889","The apply available already","267.22","false"
"890","Indicate office dog receive","338.30","false"
"891","Hospital walk hear outside","235.17","false"
"892","End clear","135.19","true"
"893","Here decision save","256.05","true"
"894","Deep staff push popular","80.13","false"
"895","The important style","208.40","false"
"896","Focus environmental","340.48","true"
"897","Throughout check","284.55","false"
"898","News why citizen think","145.43","true"
"899","Summer its produce much","416.01","true"
"900","Enter economic offer science","483.31","false"
"901","Century machine hit series","21.11","false"
"902","Bill three","28.72","true"
"903","Better among heavy fish","345.54","true"
"904","Color final follow bill","435.18","false"
"905","Easy civil body draw scientist","102.60","true"
"906","Series skill occur or","28.02","true"
"907","Before hotel eight","38.36","false"
"908","Article will line","391.11","false"
"909","Hear decide","343.81","true"
"910","Interview several house clearly","433.50","false"
"911","Evening hundred","206.00","false"
"912","Knowledge sound become without still","344.27","false"
"913","Sell base","168.00","false"
"914","Individual still management someone","152.30","true"
"915","Mention light us between","349.68","false"
"916","Party mother show","312.30","true"
"917","Well truth bit force","125.52","true"
"918","Media federal officer","37.12","true"
"919","Husband minute fact everyone","376.31","true"
"920","Culture home fund","2.36","true"
"921","Foreign left reduce","98.60","true"
"922","New land space","394.31","false"
"923","Their start heavy skill heavy","407.62","true"
"924","Activity parent large","480.19","true"
"925","Story marriage","305.19","false"
"926","International message theory care five","374.56","true"
"927","Whether vote worker ability newspaper","64.01","false"
"928","Today performance thus","321.68","false"
"929","Risk record big","475.71","false"
"930","Letter politics notice board","29.94","false"
"931","Next teacher finish director","98.43","true"
"932","Against lose","26.29","false"
"933","Would Republican","61.12","true"
"934","Entire single","207.02","false"
"935","Southern language later exist","340.22","false"
"936","Usually such","254.25","false"
"937","Thing second thing little","357.49","true"
"938","Simple agree move","4.85","false"
"939","Charge night","277.20","false"
"940","Reality community","398.47","true"
"941","Fly as day market","110.75","false"
"942","Authority sit trouble","86.75","true"
"943","Watch war","216.66","true"
"944","Into end detail see year","452.96","false"
"945","Himself ever leg every go","284.19","true"
"946","Culture hope quickly ago","420.94","true"
"947","Too recognize last others","170.83","false"
"948","Employee character over","418.78","false"
"949","Method give economic another Congress","207.36","false"
"950","Consider white","69.56","true"
"951","Pay water character option","407.25","true"
"952","Appear theory","122.41","false"
"953","Get likely job beautiful above","346.53","true"
"954","Else memory possible","361.08","false"
"955","Me team my fine left","55.04","true"
"956","Land material develop","37.06","true"
"957","Soon baby","218.56","true"
"958","Amount speech how gun","369.22","false"
"959","Color heart","32.50","false"
"960","Win across senior","87.37","false"
"961","Year computer us design state","323.23","true"
"962","During as perform","488.27","false"
"963","Cause nice","343.03","true"
"964","Many cultural bed thousand","105.79","false"
"965","Parent available","218.93","true"
"966","Hope huge","396.52","false"
"967","Process artist appear organization out","447.76","false"
"968","Stop crime phone civil","23.82","true"
"969","Its actually include less","339.54","true"
"970","Little population","199.87","true"
"971","Special ago memory","435.49","true"
"972","First leg role","173.77","false"
"973","Generation two","180.82","false"
"974","Hold voice","51.81","true"
"975","Positive camera","230.58","true"
"976","This culture very","205.56","false"
"977","Store seven shoulder ground","360.48","true"
"978","Support eye put","159.32","true"
"979","Nothing trip phone play","323.81","true"
"980","Vote away right","319.40","true"
"981","Dog best conference","315.51","true"
"982","Public fast light what record","487.68","true"
"983","Pretty court since phone clearly","173.78","true"
"984","Suggest protect painting if","412.03","false"
"985","Series water relate age","347.70","false"
"986","Produce no million school style","242.47","false"
"987","Conference bar","54.35","false"
"988","Method budget stock represent","197.39","true"
"989","Difficult lawyer along","282.80","true"
"990","Little agree pick","150.91","true"
"991","Goal use may","309.68","true"
"992","Thought computer commercial here","387.77","true"
"993","Become number catch","289.49","true"
"994","Wind present almost necessary","391.89","true"
"995","Result hit building get","311.17","true"
"996","Concern ever treat","80.93","false"
"997","Civil save style","413.84","false"
"998","Again suggest","75.00","true"
"999","Live miss may","143.81","true"
"1000","Resource live leader","290.64","false"
"1001","Relate foot century","231.06","true"
"1002","Owner face front","86.65","false"
"1003","Trip mention","277.87","false"
"1004","Represent so model way","328.48","true"
"1005","Hospital enjoy truth","193.67","false"
"1006","Executive someone change","6.33","true"
"1007","Must paper control","170.57","false"
"1008","Opportunity city good Democrat","134.11","false"
"1009","Small through dog","439.60","false"
"1010","Under decade front","414.13","false"
"1011","Five public onto kind","379.63","true"
"1012","Find across officer dream probably","170.79","false"
"1013","Necessary general lawyer well whether","291.48","true"
"1014","Him east dark authority","234.06","false"
"1015","Shoulder necessary authority black","364.86","true"
"1016","Seven student military success past","73.95","false"
"1017","Cause paper","116.71","true"
"1018","True government like glass six","198.21","false"
"1019","Low development","489.14","true"
"1020","Community difficult position safe","146.89","false"
"1021","Game figure","277.84","true"
"1022","Option or sort key history","276.81","true"
"1023","Impact ago hundred","278.17","true"
"1024","Note check form level","272.46","false"
"1025","Exactly result lawyer","277.14","true"
"1026","Moment mean","47.42","false"
"1027","Soldier peace draw","454.00","true"
"1028","Theory with action","177.54","true"
"1029","Citizen accept majority bit","88.92","false"
"1030","True oil","347.50","false"
"1031","Similar be yard","315.80","false"
"1032","Fight performance fish","422.22","false"
"1033","Although even","55.67","true"
"1034","Rise spend middle past kitchen","56.91","false"
"1035","Something camera term throw","339.11","false"
"1036","Card race black","206.54","false"
"1037","Sometimes choice","485.39","true"
"1038","Response water price","397.39","false"
"1039","Center effect despite political","450.22","false"
"1040","Tax main community","416.37","true"
"1041","Country simple maybe program","363.31","false"
"1042","Else message","3.93","true"
"1043","Call good let open","332.61","false"
"1044","Wish mouth","130.82","true"
"1045","Process thousand","47.91","true"
"1046","State tough recognize summer","192.83","true"
"1047","Ability once such item own","447.91","true"
"1048","Play difficult enjoy like","254.10","true"
"1049","North not small century","247.22","true"
"1050","Someone history recent kitchen","173.08","false"
"1051","Back Democrat","397.06","true"
"1052","Fish agency","138.16","true"
"1053","Responsibility out most","410.80","false"
"1054","Set line trial","201.92","true"
"1055","Memory the","465.22","false"
"1056","Exactly article why common","485.73","false"
"1057","Worker eye","420.69","false"
"1058","Particular street message","454.38","true"
"1059","Lose attention care","304.75","true"
"1060","Man remain Mr","34.90","false"
"1061","Interest never quality heavy guy","21.97","false"
"1062","Cell security make budget six","403.06","false"
"1063","Painting dog another situation","250.83","true"
"1064","Kid sometimes nature","405.90","false"
"1065","Account media","72.58","false"
"1066","Behavior even grow","175.99","true"
"1067","About significant my medical","265.79","true"
"1068","Past according ready","486.29","false"
"1069","Level doctor stock least prepare","308.80","true"
"1070","Own society","142.47","false"
"1071","Yes hard cover environment","447.46","false"
"1072","Loss figure lawyer","33.60","false"
"1073","Claim manager lead movement","391.46","true"
"1074","Think between","318.51","true"
"1075","Admit find claim figure","132.43","false"
"1076","Up far consumer along memory","191.67","false"
"1077","Century star than in mention","25.27","false"
"1078","Television to road person","438.56","true"
"1079","Compare term","331.80","true"
"1080","Military away","59.19","false"
"1081","Box suddenly drive affect","151.19","true"
"1082","Civil stock trial professional","23.49","true"
"1083","Control deep well","408.44","false"
"1084","Could evidence","392.17","true"
"1085","Paper add very consumer training","332.80","false"
"1086","With manager some phone","147.68","true"
"1087","But voice","10.88","true"
"1088","List along people early","377.88","false"
"1089","Method wait tough","189.24","true"
"1090","Nor put work","196.55","false"
"1091","Deal our government","193.00","true"
"1092","Bit attorney yet military protect","366.63","false"
"1093","For ground coach young couple","170.69","false"
"1094","Take me perhaps back","441.25","true"
"1095","Training meeting future report","46.86","true"
"1096","Beyond share last woman","299.39","true"
"1097","Buy involve","162.92","true"
"1098","Relate eight necessary fine game","192.05","false"
"1099","Task cost perform offer","283.12","true"
"1100","Human source discussion audience","375.42","true"
"1101","Compare real human animal position","440.84","true"
"1102","Forward wish knowledge","224.64","true"
"1103","Position mean fear line amount","440.77","false"
"1104","Pressure lose responsibility role director","424.66","false"
"1105","Painting once","354.74","true"
"1106","Read foot sport","314.81","false"
"1107","Record film data","273.37","false"
"1108","Measure involve step program","61.57","false"
"1109","Open line life receive long","365.61","true"
"1110","Score perhaps executive difficult","334.05","true"
"1111","Strong hot","387.49","true"
"1112","Evening practice","369.44","true"
"1113","Determine firm cultural develop","210.57","false"
"1114","Treat coach hold support","4.45","false"
"1115","Probably population","378.18","false"
"1116","Out book wear","39.67","true"
"1117","Personal tend","367.01","true"
"1118","Place anyone sense professional","268.14","true"
"1119","Old team heart","409.57","false"
"1120","Either door control","12.14","true"
"1121","Interview federal price","489.43","false"
"1122","About feeling past manager","224.15","false"
"1123","Long still data debate","384.95","true"
"1124","Hear add loss","298.18","false"
"1125","Military remain","384.41","false"
"1126","Economy size experience","154.16","true"
"1127","Travel next ask safe","104.05","true"
"1128","Test after","23.30","false"
"1129","Court customer oil bag","489.24","true"
"1130","Guess little later","286.28","false"
"1131","Save speech","111.64","false"
"1132","Best order few","257.27","true"
"1133","Mention affect","133.21","false"
"1134","Agree five","370.58","false"
"1135","Pass author onto end","479.83","false"
"1136","Education heart president","346.18","true"
"1137","Effect summer","204.82","false"
"1138","Hand cell truth","183.28","false"
"1139","Dream notice","302.55","true"
"1140","Commercial tell current yard","108.10","true"
"1141","Field hold bag","316.71","true"
"1142","World fire require","173.53","true"
"1143","Nor already research","380.95","false"
"1144","War issue throw","59.86","true"
"1145","Develop size finish","187.52","true"
"1146","Tend animal discover","4.02","false"
"1147","Could trip century particularly whole","405.48","false"
"1148","Sort worry alone exactly amount","396.46","false"
"1149","Relationship major special","313.37","true"
"1150","Become top","161.67","true"
"1151","Test participant social mission people","169.42","true"
"1152","General return","364.71","false"
"1153","Different measure opportunity","181.50","false"
"1154","South themselves show","269.04","false"
"1155","Money traditional language least","242.18","true"
"1156","Car news responsibility","38.56","false"
"1157","Late young","296.42","true"
"1158","Meet base leg","70.84","false"
"1159","Run within air","206.98","false"
"1160","You general my","120.42","false"
"1161","Under of meet bar","350.84","false"
"1162","Control rich","353.32","false"
"1163","Father type want","123.27","true"
"1164","She television these general","459.18","true"
"1165","Board development raise civil brother","209.43","true"
"1166","May base money let","493.85","true"
"1167","Phone institution Congress","74.67","true"
"1168","Baby memory","121.44","false"
"1169","Behind save person","336.61","true"
"1170","Common gas appear","500.27","false"
"1171","Word activity grow score hit","143.57","true"
"1172","West successful leader sea control","95.57","true"
"1173","Young make think over","412.62","false"
"1174","Six back thousand","448.91","true"
"1175","Professor control ago tonight","311.65","true"
"1176","Light cold impact","303.36","false"
"1177","Among turn particularly","182.92","false"
"1178","Range loss degree even project","212.36","true"
"1179","Some reach worker","451.40","false"
"1180","Glass man claim on should","7.08","true"
"1181","Radio specific base authority","207.02","false"
"1182","Friend deep window those sense","370.18","false"
"1183","Public work ahead behind nothing","33.80","false"
"1184","Radio democratic practice behavior me","431.64","true"
"1185","Box learn class","5.24","false"
"1186","Create road control ready","279.46","false"
"1187","Staff vote too south join","254.82","true"
"1188","Thing heart family security","474.42","false"
"1189","His whom","402.48","true"
"1190","Party war response should","109.21","true"
"1191","Political sometimes reduce past result","470.73","true"
"1192","Tree line","479.36","false"
"1193","Onto family","33.50","true"
"1194","Sense product cultural","17.75","false"
"1195","Despite statement tell particular","106.41","true"
"1196","And size organization vote hospital","434.55","false"
"1197","Head necessary guess attack","255.78","true"
"1198","Central cell think soldier","145.97","false"
"1199","Forget play air sort color","393.55","true"
"1200","Rest meeting strong affect spring","105.87","false"
"1201","Those Mrs we play","5.77","true"
"1202","Student road air cell","17.91","true"
"1203","Economy suddenly plant again together","312.77","true"
"1204","Sister white","279.28","false"
"1205","Authority position","326.71","true"
"1206","Represent follow hope","368.11","false"
"1207","Table thus statement answer need","258.59","false"
"1208","Word reality method","303.84","true"
"1209","Western particular weight","430.72","true"
"1210","Week quite measure just force","133.43","true"
"1211","Lay charge environmental","442.18","false"
"1212","Party production ready","16.02","true"
"1213","Benefit under player just write","423.51","false"
"1214","Specific together","406.02","true"
"1215","Protect air board","136.84","true"
"1216","Hair resource","371.04","true"
"1217","Technology case situation","269.05","true"
"1218","Reason thing ground reveal","347.97","true"
"1219","While within top","460.34","true"
"1220","Rock live red reality ahead","485.02","true"
"1221","Family she mind compare positive","493.45","false"
"1222","Interest daughter","155.93","false"
"1223","Election institution strategy hot","440.78","true"
"1224","Music think address Congress","54.62","true"
"1225","Student boy significant Republican","158.27","false"
"1226","Significant fear hard tough save","185.94","true"
"1227","Country foot meeting","146.69","true"
"1228","Off while office","153.09","false"
"1229","She stock ask","477.36","false"
"1230","Low hold radio involve","106.52","true"
"1231","Of on difference","479.98","false"
"1232","Leg suffer","62.13","false"
"1233","Glass third book today","430.65","true"
"1234","Much manager","307.90","true"
"1235","Soldier mouth book behind","443.11","false"
"1236","Power yes nature executive price","71.50","true"
"1237","Blood parent mission","446.99","true"
"1238","Most she drug","388.68","false"
"1239","Only tonight cost strong avoid","485.92","false"
"1240","Number choice article","197.35","false"
"1241","Realize report minute street","139.82","false"
"1242","Activity pass recent recognize","380.24","true"
"1243","Must employee sea","207.84","true"
"1244","Feeling during black key","311.05","true"
"1245","Marriage magazine cultural","103.68","true"
"1246","Score same late","114.76","false"
"1247","Blood research hit despite","118.95","true"
"1248","Center strategy local","301.43","true"
"1249","Hit significant none gun","413.77","true"
"1250","Floor factor pass","22.54","false"
"1251","Town spring road hit consumer","362.32","false"
"1252","Tonight knowledge among","325.81","true"
"1253","Result no evidence program","294.61","true"
"1254","Poor local very way","267.50","true"
"1255","Article case easy","251.98","true"
"1256","West scene sense doctor","119.56","true"
"1257","Defense forward result weight","371.93","true"
"1258","Last phone stock effort","101.46","false"
"1259","State knowledge remember","462.84","true"
"1260","Fine so","463.21","true"
"1261","Treat coach memory","301.54","true"
"1262","Ground necessary dog","347.04","true"
"1263","For scientist call cost number","321.47","true"
"1264","Soon be","36.77","false"
"1265","Term during under someone talk","236.26","true"
"1266","Condition Mr individual","254.15","false"
"1267","Life Democrat cell share","234.55","true"
"1268","Develop increase national","187.34","true"
"1269","Serious learn participant around","230.44","false"
"1270","Tend discuss less another","48.71","false"
"1271","Degree add treatment yard certain","164.08","false"
"1272","Quickly industry which direction","401.42","true"
"1273","Top almost","477.64","false"
"1274","Develop prepare","247.64","true"
"1275","Brother career long never man","141.83","true"
"1276","During million find","91.97","false"
"1277","Great beat late relate laugh","264.32","false"
"1278","Play ability enjoy enter window","143.84","true"
"1279","Church owner","103.16","true"
"1280","Reveal including","71.15","true"
"1281","Subject begin improve","101.12","false"
"1282","Quality position crime finally","394.41","false"
"1283","Activity represent for","280.47","true"
"1284","Nature way walk middle","240.80","true"
"1285","More might answer sign","88.51","true"
"1286","Model close create","347.26","false"
"1287","Can paper although break of","228.84","true"
"1288","Common say relationship eight ever","187.50","true"
"1289","Move edge","107.94","true"
"1290","Parent who","220.72","true"
"1291","Many more","489.35","false"
"1292","Especially couple laugh authority","427.17","false"
"1293","Science thing some dream near","446.28","true"
"1294","Idea recently how risk","200.28","false"
"1295","Book paper","292.21","false"
"1296","Tough film reduce","308.46","true"
"1297","Traditional television product top","171.59","false"
"1298","Push center night purpose forward","384.01","false"
"1299","Like hard head end","142.80","true"
"1300","Support now everything every movie","184.24","true"
"1301","Big hope perhaps between","108.67","true"
"1302","Everybody himself pretty different middle","444.57","true"
"1303","Statement development section perform","182.50","false"
"1304","Either child draw teacher huge","164.16","true"
"1305","As attorney and","241.30","false"
"1306","Member TV","283.85","true"
"1307","Against ago watch","225.29","false"
"1308","Fight in","389.32","false"
"1309","Star national notice enough","107.87","true"
"1310","Have once left network by","16.50","false"
"1311","Ever model nor","433.28","true"
"1312","Computer thing","15.92","false"
"1313","Live too age blood","134.24","true"
"1314","Try key paper theory usually","375.11","false"
"1315","Save guy","76.76","false"
"1316","Scientist message many","121.01","false"
"1317","Lot same","387.23","true"
"1318","Indicate foot weight","24.44","true"
"1319","Structure person economy around","338.94","true"
"1320","This face despite","46.74","true"
"1321","Such market","425.29","true"
"1322","Tonight beat rock","103.02","true"
"1323","This expect","489.11","true"
"1324","Benefit magazine","436.91","true"
"1325","Room yeah research process","220.99","false"
"1326","Almost color crime manage can","356.11","false"
"1327","Notice tough improve particularly","435.17","false"
"1328","Data social too poor","319.36","true"
"1329","Write concern explain","388.87","true"
"1330","Company evidence itself","276.26","false"
"1331","Their because everyone reality all","491.34","true"
"1332","Themselves agency pull perhaps","150.68","true"
"1333","Whose late role","139.02","false"
"1334","Question action its federal","180.16","true"
"1335","Teach note institution will","136.56","true"
"1336","Best nearly simple","336.89","false"
"1337","Sign very","15.29","true"
"1338","Accept too reflect Congress economy","420.22","true"
"1339","Watch ask","163.84","false"
"1340","Democratic seven where then","160.32","false"
"1341","Conference follow hour rock eight","194.51","true"
"1342","Kid itself face tree","39.16","true"
"1343","Long paper game","489.03","true"
"1344","Pressure where matter","371.60","false"
"1345","Believe serious develop check street","177.82","false"
"1346","Mrs green get","123.47","true"
"1347","Right become method hour","93.54","false"
"1348","Court try admit gun","355.49","false"
"1349","Offer miss more serious land","109.02","true"
"1350","Simple full else","150.10","false"
"1351","Might debate structure recognize","230.86","false"
"1352","Often include watch","475.53","true"
"1353","Anything me","94.06","false"
"1354","Line dark build","40.54","true"
"1355","Brother decide from","450.90","false"
"1356","According task money","346.52","true"
"1357","Yourself loss its","330.63","true"
"1358","May left camera admit","195.50","true"
"1359","Policy serve tough","226.52","false"
"1360","Medical home name personal place","182.68","false"
"1361","Name rate over add run","287.97","true"
"1362","Arrive TV","244.13","false"
"1363","Station military magazine grow","314.48","true"
"1364","Page action sure avoid idea","283.16","false"
"1365","Call whatever way break he","93.51","false"
"1366","Financial increase film","52.13","false"
"1367","None you summer claim movie","282.98","true"
"1368","Discover wait","256.20","false"
"1369","Probably piece analysis","239.90","true"
"1370","A democratic worry","470.48","true"
"1371","Method whatever report scene","468.56","false"
"1372","Side keep condition against","372.10","false"
"1373","Sure amount","330.96","true"
"1374","Point Mr force ten","251.71","true"
"1375","Benefit baby environmental","245.12","false"
"1376","Over technology near get very","326.01","false"
"1377","Big enter reality next","379.30","true"
"1378","Myself item","378.94","false"
"1379","Party once best","140.73","true"
"1380","Hospital south civil","243.58","false"
"1381","Ability rest common maybe training","63.97","false"
"1382","To clear agree today","182.17","true"
"1383","Himself health design","273.93","false"
"1384","Position author change simply","315.81","false"
"1385","Marriage maintain season","182.84","false"
"1386","Manage address carry","81.37","false"
"1387","Order share","150.14","false"
"1388","Room must himself training","422.88","false"
"1389","Also mission","7.21","false"
"1390","Media agency affect cause","493.53","true"
"1391","Stock prevent study","51.59","false"
"1392","Few remember under answer building","222.42","false"
"1393","Tv source at first","297.29","true"
"1394","Indeed find middle age","143.13","true"
"1395","Enter herself like change drive","387.58","true"
"1396","Decide right today draw","486.33","false"
"1397","Maybe perhaps case important","14.71","false"
"1398","Only paper series seat citizen","403.88","false"
"1399","Rise between","134.83","false"
"1400","Oil participant night cultural audience","32.32","false"
"1401","Store land","489.11","false"
"1402","Gas determine","114.84","false"
"1403","Cup artist various","455.23","false"
"1404","Page write very heavy","319.38","false"
"1405","Such pay special less major","122.42","false"
"1406","Together court population","19.70","false"
"1407","Chance room popular develop","347.43","true"
"1408","Film break cell professional","13.17","true"
"1409","Place none pass would","156.24","false"
"1410","Stay community write long","318.04","false"
"1411","Just record list","105.22","false"
"1412","Call two training","100.07","true"
"1413","Doctor everything officer focus","108.94","true"
"1414","Before another know performance","59.50","false"
"1415","Wish door person past fly","493.98","true"
"1416","Tree number","245.67","true"
"1417","Still whole think entire television","167.23","false"
"1418","Protect mean resource","138.65","true"
"1419","Fire explain available any","281.81","true"
"1420","Agree idea increase tree","391.85","true"
"1421","Yes meeting likely","96.39","true"
"1422","The because administration","420.81","false"
"1423","Group present most time","192.99","false"
"1424","Level example build former husband","21.72","false"
"1425","Never management","150.81","true"
"1426","Set red","446.66","true"
"1427","Seven establish","376.96","true"
"1428","Many wall call feeling town","302.15","false"
"1429","Ago but","157.58","false"
"1430","Summer hair","308.11","false"
"1431","Floor about","344.20","true"
"1432","Suffer force police","122.13","true"
"1433","Security training once over cell","467.79","true"
"1434","Agency friend deep","302.22","false"
"1435","Happen compare could list","92.37","false"
"1436","Drug fear manage create","316.26","true"
"1437","Among will","308.48","false"
"1438","Identify enter strong","461.64","false"
"1439","Different generation","172.63","false"
"1440","Garden box general himself","37.36","true"
"1441","Common season mother political","114.29","true"
"1442","Again now strong five attack","336.09","false"
"1443","Meet body","237.82","true"
"1444","Too size evening eight","196.35","true"
"1445","Democrat yourself day","189.16","true"
"1446","Piece security finally","366.81","false"
"1447","Live concern team son shake","138.12","false"
"1448","Bar better down teach then","23.62","false"
"1449","Third front outside","2.90","false"
"1450","Purpose anyone","173.89","true"
"1451","Tell back they official value","189.15","true"
"1452","Including style science art","132.65","false"
"1453","Today concern light develop","1.40","true"
"1454","Explain suggest","250.48","false"
"1455","Ok us determine","282.90","true"
"1456","Image open part","187.67","false"
"1457","Really cut occur my","144.89","true"
"1458","Check standard","135.09","true"
"1459","Subject wish federal put peace","168.34","true"
"1460","Appear key wall person","107.78","true"
"1461","Form cup push occur","347.01","false"
"1462","Imagine life how challenge southern","165.52","false"
"1463","Ground ground sport TV become","115.86","false"
"1464","Tonight theory mother go","404.35","true"
"1465","Pm push know","149.78","false"
"1466","Study represent nearly","270.99","true"
"1467","Value catch avoid","472.19","false"
"1468","Recent white history","70.21","true"
"1469","Here trouble dog","483.30","false"
"1470","Especially some international","91.39","true"
"1471","Left rate option","194.63","true"
"1472","Talk everyone","335.40","true"
"1473","Second nation father last eye","235.88","true"
"1474","Music indicate local","374.50","true"
"1475","General same system hold","434.47","false"
"1476","Carry carry station","450.87","true"
"1477","See focus","42.69","true"
"1478","Meet enough popular pressure attack","407.05","false"
"1479","Spend quickly Mr store anything","348.00","false"
"1480","Home total fund several or","324.78","false"
"1481","Safe movement truth little cost","63.66","false"
"1482","Form administration nature movement","83.08","true"
"1483","Attack before avoid land","18.11","false"
"1484","Let federal one perform","424.54","true"
"1485","Above good lay avoid","210.71","true"
"1486","Among these task","428.94","false"
"1487","Popular however table to","421.09","false"
"1488","Benefit movement pressure","154.04","false"
"1489","Green above country example","326.29","true"
"1490","Free week cost activity","8.70","false"
"1491","So billion","152.22","true"
"1492","Whom onto recognize again","373.79","false"
"1493","Center seat perhaps","117.79","false"
"1494","Law old ball threat certain","289.53","true"
"1495","Write side property type","87.88","false"
"1496","Field voice ready serve buy","161.53","true"
"1497","Name sometimes identify","283.14","true"
"1498","Appear Democrat site police","406.36","false"
"1499","Some third hair determine","267.30","false"
"1500","Single deep simply main","305.68","false"
"1501","Recent agreement necessary determine","239.95","true"
"1502","Enough itself camera represent dinner","375.43","false"
"1503","Note we","459.31","true"
"1504","Past win","127.36","true"
"1505","Degree hotel plant her face","386.89","true"
"1506","Glass music","90.43","true"
"1507","Loss campaign for","160.93","false"
"1508","Suddenly join push store","99.68","true"
"1509","Report national property ability","155.24","false"
"1510","Heavy outside order enjoy","305.13","true"
"1511","Pressure direction able","126.63","false"
"1512","Growth tax president leader far","144.06","true"
"1513","About enter black end","279.68","false"
"1514","Leg place organization","197.42","true"
"1515","Campaign medical head","63.18","false"
"1516","Mouth run even law","226.79","true"
"1517","Seven opportunity mission gun","126.95","false"
"1518","Laugh system difference something","11.53","true"
"1519","Argue small beautiful over","172.03","false"
"1520","Southern rate decision bill","309.91","false"
"1521","Better full authority","477.96","true"
"1522","Picture country","470.66","false"
"1523","Bank able","52.96","true"
"1524","Central rock south event","325.22","false"
"1525","Heavy never nature","296.09","false"
"1526","Because time ago","94.22","false"
"1527","Bar number American","224.56","false"
"1528","Stage follow really month","271.17","false"
"1529","Movement onto together","22.03","true"
"1530","Official participant discover office attention","275.37","false"
"1531","Way loss continue","326.37","true"
"1532","Seat up girl day still","421.57","false"
"1533","Program grow few whatever","289.50","false"
"1534","Choose Republican pay","95.50","true"
"1535","Strong interesting","120.06","false"
"1536","Mrs face real","376.09","false"
"1537","Eye marriage bed","54.86","true"
"1538","Born enter live wish","392.17","true"
"1539","Good weight act","213.76","true"
"1540","Senior find","433.61","true"
"1541","Majority town board","145.30","false"
"1542","Goal job theory","84.96","false"
"1543","Sort although cover boy","443.38","true"
"1544","Hear yard natural safe","380.54","false"
"1545","Consider leader out","451.58","false"
"1546","Yeah reflect","173.64","true"
"1547","Degree hotel tonight TV","153.97","true"
"1548","Laugh section image","84.92","false"
"1549","Work deep state usually","40.52","false"
"1550","Which yourself Congress","351.32","true"
"1551","Over when because","223.42","false"
"1552","Difficult hope full significant","226.10","true"
"1553","Game concern way change myself","53.67","false"
"1554","Democrat truth return picture","308.02","true"
"1555","Site person firm","491.57","true"
"1556","Cold news economy result boy","182.97","false"
"1557","Story particular civil thought","72.26","false"
"1558","Other including popular southern","49.63","true"
"1559","Attention that open","311.91","true"
"1560","Society media program get","257.84","true"
"1561","President century when mention travel","54.43","false"
"1562","Majority instead","227.28","true"
"1563","Protect director truth","208.91","true"
"1564","Trouble like response","486.71","true"
"1565","Cause join","370.50","true"
"1566","Already current away consider box","274.00","true"
"1567","You law feel at","225.02","false"
"1568","Present half lead agent","59.98","false"
"1569","Produce local debate subject","270.72","false"
"1570","Raise leader different unit interesting","38.89","true"
"1571","Bad heart community actually check","187.56","true"
"1572","Seven recognize","254.67","true"
"1573","Safe entire base","331.20","true"
"1574","Rest heart first college","241.91","true"
"1575","Brother drop develop world","143.12","false"
"1576","Ground old","242.37","false"
"1577","Win involve loss","231.80","false"
"1578","Church follow each cup huge","344.43","true"
"1579","Nor game experience","239.34","true"
"1580","Education born course those","203.51","true"
"1581","Information year determine section","312.69","true"
"1582","Friend guess water","189.59","false"
"1583","Run vote","234.56","true"
"1584","Nothing attack theory side","442.43","true"
"1585","National visit threat","224.20","false"
"1586","Bit once","460.63","false"
"1587","Serious another camera leave","66.83","true"
"1588","Like figure high","320.88","false"
"1589","Direction threat","465.31","false"
"1590","Charge trade drive","92.99","false"
"1591","Her someone allow","24.35","true"
"1592","Central important child exactly","349.46","false"
"1593","Watch TV like nice","283.90","true"
"1594","Agreement teacher","259.28","true"
"1595","Range large size south his","288.37","false"
"1596","Kid long mouth blue","157.43","true"
"1597","Name mother baby service choice","381.74","true"
"1598","Yet pick","475.68","true"
"1599","Trade single quite reason option","196.49","true"
"1600","Any watch skill happen movement","246.40","true"
"1601","Character table yourself goal suggest","331.99","false"
"1602","Phone side reach","393.13","true"
"1603","Scientist physical bag pick","463.68","false"
"1604","Learn pretty new easy","65.61","false"
"1605","Various step ok reality music","394.08","false"
"1606","Community life seven","318.37","true"
"1607","Section model instead capital by","344.11","true"
"1608","Whatever respond year simple war","90.86","true"
"1609","Some drop military agency","30.12","false"
"1610","Particularly power impact agree office","42.28","false"
"1611","Drop force class through","394.19","true"
"1612","Local authority able knowledge","20.55","false"
"1613","Hot seat any stuff","430.97","true"
"1614","That town wonder since","320.66","false"
"1615","Behavior everyone fact especially","322.55","true"
"1616","Office democratic","475.56","true"
"1617","Education growth","29.75","false"
"1618","Base he far","220.61","false"
"1619","Buy small network budget","447.07","true"
"1620","You add now brother","106.17","true"
"1621","Hotel tend whose","483.96","true"
"1622","Group back career language teach","232.61","true"
"1623","Decision figure former","395.25","true"
"1624","Wife reflect some painting","21.77","false"
"1625","Section sea apply","322.74","true"
"1626","Level small","91.24","true"
"1627","Sit language ahead out threat","218.39","true"
"1628","Social wish commercial","241.33","true"
"1629","Article approach","385.21","true"
"1630","Nearly themselves avoid take","480.11","false"
"1631","Growth occur response","78.79","true"
"1632","Any full","370.46","false"
"1633","How tonight us for see","55.41","true"
"1634","Dinner call","155.63","true"
"1635","Democratic employee","178.35","false"
"1636","Others research","50.14","false"
"1637","Indeed cold","221.22","false"
"1638","Head who night","447.45","true"
"1639","Evening act ten body","54.32","true"
"1640","Budget choice how certainly debate","102.18","true"
"1641","Four card agency","69.41","false"
"1642","Vote evidence","426.85","false"
"1643","Person sure city","176.78","true"
"1644","Investment hand","348.25","false"
"1645","Grow on show air risk","132.55","true"
"1646","Able total once","456.93","true"
"1647","Bag eye reason","442.68","false"
"1648","Social wall gun series","356.04","true"
"1649","Site accept","432.16","true"
"1650","Play important animal network","88.12","false"
"1651","Serious measure player head","358.01","true"
"1652","Conference community hotel age","119.88","false"
"1653","Resource particularly move last","61.79","true"
"1654","Change talk wind","33.43","true"
"1655","Series music make husband","274.61","false"
"1656","Process skin employee score","72.01","false"
"1657","Arm believe each need","253.80","true"
"1658","Decide event scene hot","485.41","false"
"1659","Program room reality","238.33","false"
"1660","Now hold rise identify","54.14","false"
"1661","Some apply lose","207.97","true"
"1662","Public put recognize physical","431.41","false"
"1663","Different sing season","384.06","false"
"1664","Enough yard statement environment ground","210.90","false"
"1665","Time look animal","85.87","false"
"1666","Machine can style return","453.93","false"
"1667","Beyond science head part","451.99","true"
"1668","During future","421.62","true"
"1669","Hot bank traditional little","33.95","true"
"1670","Cultural fish down issue","105.50","true"
"1671","Knowledge north build","183.77","true"
"1672","Develop involve likely","190.56","true"
"1673","Street product ask significant","473.51","true"
"1674","Heavy tough later culture PM","488.05","false"
"1675","Attorney process agent","164.56","true"
"1676","Prevent quite attack concern","169.18","true"
"1677","Visit interesting meet","477.18","false"
"1678","Partner town","252.41","true"
"1679","Lay agree against","193.76","false"
"1680","Analysis back society","357.28","true"
"1681","Support ask team shoulder","290.99","false"
"1682","Road democratic wish hand","180.83","true"
"1683","Stay middle buy","500.04","true"
"1684","Many contain it couple type","263.33","false"
"1685","Current everything cost would key","71.59","true"
"1686","Look leader price particular","140.20","false"
"1687","Although traditional good","483.81","true"
"1688","Thousand with rather","34.23","false"
"1689","East commercial character expect they","285.47","false"
"1690","Life nor collection when without","45.32","false"
"1691","Avoid administration send fight","248.58","true"
"1692","Force method","338.57","false"
"1693","Site price would","380.70","true"
"1694","Beautiful institution him pattern staff","480.91","false"
"1695","Community attention kind","178.35","false"
"1696","Probably stop young dark","146.45","true"
"1697","Create approach","69.35","true"
"1698","Safe show","476.90","false"
"1699","Top administration","251.36","false"
"1700","Beautiful coach picture me","189.10","false"
"1701","Staff role lead him exactly","11.97","true"
"1702","Interesting where","298.12","true"
"1703","Where any people","442.16","true"
"1704","Likely field","249.17","false"
"1705","Prepare ask push guess others","248.80","true"
"1706","Discuss network teacher unit","330.99","false"
"1707","Dinner material artist fear","69.10","false"
"1708","Win discover blue always glass","164.91","false"
"1709","Machine find standard TV","347.43","true"
"1710","So cultural","374.60","true"
"1711","Give especially seem leader","199.22","false"
"1712","Lose too street lose","448.39","false"
"1713","Its across exactly","20.66","true"
"1714","Begin hundred describe","39.76","true"
"1715","Increase sister PM","23.73","false"
"1716","Significant natural can decide rest","390.64","false"
"1717","Cause least southern","138.80","false"
"1718","Learn end product","385.27","true"
"1719","Choose west tonight","85.24","true"
"1720","Drive send","409.59","false"
"1721","Small prevent bag set","117.94","false"
"1722","Sense black include","0.24","false"
"1723","Environment do first","247.82","true"
"1724","Give country fund administration hand","8.90","true"
"1725","Magazine number consumer dog","471.41","true"
"1726","Between compare policy","248.17","true"
"1727","Program whatever it table","60.50","false"
"1728","Dream usually","317.75","true"
"1729","Outside east some economic","388.76","false"
"1730","Same put and section run","292.44","true"
"1731","Way rich theory","412.55","true"
"1732","Make successful recently health","69.10","false"
"1733","Put feeling another decide","366.36","true"
"1734","Usually admit","54.68","true"
"1735","Exactly leader least rather","414.76","true"
"1736","Show upon require","266.66","true"
"1737","Join away only central firm","284.82","true"
"1738","Sure bring raise term still","110.07","false"
"1739","Pm control","443.19","true"
"1740","Power responsibility mean half","285.08","false"
"1741","Hospital event outside","144.15","false"
"1742","Bill wrong smile","135.41","true"
"1743","Son admit","133.84","false"
"1744","Ever ability economic onto","343.29","true"
"1745","Card political institution information","184.22","true"
"1746","Rate mean return page","44.08","false"
"1747","Box world laugh hope","260.70","true"
"1748","Make lead community them","335.78","false"
"1749","Mouth nation rock suddenly","133.67","false"
"1750","Husband agree style","89.48","false"
"1751","Power impact military be","300.61","true"
"1752","Yard wrong mention such over","18.84","true"
"1753","Country its","293.84","true"
"1754","Meet meeting send price","343.94","true"
"1755","Series site look","161.61","false"
"1756","Another enter before somebody produce","174.08","true"
"1757","Lead improve movement","192.13","false"
"1758","Economy type this better","322.87","true"
"1759","Age seat word heart know","16.24","true"
"1760","Main charge all","361.70","false"
"1761","Others admit sure citizen","351.14","false"
"1762","Information car either could hand","303.39","false"
"1763","Room eight involve","424.26","true"
"1764","Determine feeling seat claim","206.90","true"
"1765","Recently each walk world","455.12","false"
"1766","Themselves party information million","62.79","true"
"1767","Fill guess image customer remain","8.38","false"
"1768","Agreement toward morning thus","25.61","false"
"1769","Think involve bit","215.54","true"
"1770","Remember number","482.10","true"
"1771","Contain involve","313.44","true"
"1772","Even ago change improve","339.84","false"
"1773","Able necessary","449.43","false"
"1774","It laugh window staff","161.78","false"
"1775","Firm management financial establish relationship","60.01","true"
"1776","Product election building yard onto","20.28","false"
"1777","Rest long point fire","167.85","false"
"1778","Entire morning exactly like step","175.24","true"
"1779","Pretty I direction","404.57","true"
"1780","Cause support defense cold manage","165.09","false"
"1781","Exactly goal American party","370.97","true"
"1782","Weight why from","85.14","true"
"1783","Others rate","115.34","false"
"1784","Certainly table","127.06","false"
"1785","Purpose difference","87.80","true"
"1786","Leave woman organization","289.96","false"
"1787","Two different shoulder culture","485.57","true"
"1788","Third change","147.31","true"
"1789","Loss set","95.63","false"
"1790","Material often dream","283.79","true"
"1791","Although total yeah other coach","431.46","true"
"1792","Exist how factor oil","368.91","false"
"1793","Worry buy dream","447.80","false"
"1794","Recognize word","104.22","false"
"1795","Very officer hard loss family","211.72","false"
"1796","Food information seat","33.76","false"
"1797","Probably happen","10.05","false"
"1798","Agreement after consider","248.84","false"
"1799","Knowledge security walk","393.49","true"
"1800","Available help official third","437.42","false"
"1801","Management understand actually","408.51","false"
"1802","Drop true prepare","62.08","false"
"1803","Food shake marriage still can","88.08","false"
"1804","Country challenge","118.85","true"
"1805","Recently community federal experience","299.16","false"
"1806","Together from apply collection","416.64","false"
"1807","Close such mother around","105.85","false"
"1808","Political executive speak","30.88","false"
"1809","Catch social believe","498.75","true"
"1810","Role institution interest fly","300.19","true"
"1811","Create company","215.39","true"
"1812","Soon situation relationship rate beautiful","102.36","true"
"1813","Go land hand","402.93","true"
"1814","Drive affect want center","378.78","false"
"1815","Main PM ground","345.13","true"
"1816","Drug four should","390.44","false"
"1817","Everything why as","54.74","true"
"1818","Street mother light require","223.13","false"
"1819","Happen close way","125.73","false"
"1820","Enough human rise","296.96","false"
"1821","Hour dog top identify moment","42.19","true"
"1822","Each allow purpose school help","498.62","true"
"1823","Great worker decade","173.68","true"
"1824","For voice officer throw","289.32","false"
"1825","Huge shoulder tax area","241.27","false"
"1826","Serve upon foot kind","273.35","false"
"1827","Toward someone point","47.47","false"
"1828","Contain close","278.37","false"
"1829","Walk guess stage these","12.32","true"
"1830","Finally project smile","2.40","true"
"1831","Thus movement them","282.96","false"
"1832","Near everybody","393.61","true"
"1833","Enjoy have","124.37","true"
"1834","Opportunity rate","211.16","true"
"1835","Sport next apply head","88.05","false"
"1836","Help your above speak if","392.45","true"
"1837","Store four hope court process","174.93","true"
"1838","Plant little","4.91","true"
"1839","Without game whole","81.52","true"
"1840","Early teach answer so industry","405.84","false"
"1841","Win treat probably front","16.74","false"
"1842","Production have size window begin","49.92","true"
"1843","Left social","497.93","true"
"1844","Test fire beyond series","254.60","true"
"1845","Cultural rule serious entire work","319.66","true"
"1846","In almost better his","410.56","true"
"1847","Door whatever","60.19","true"
"1848","Sign throughout","287.31","false"
"1849","Bed something","232.90","true"
"1850","View conference particularly","411.70","true"
"1851","Fear feel wrong power","284.96","false"
"1852","May attorney as represent director","401.06","true"
"1853","Ahead land various","167.69","true"
"1854","Available word build","335.71","true"
"1855","Place themselves","343.63","true"
"1856","Here people allow","156.11","false"
"1857","How station money like","464.25","true"
"1858","Coach pay success","268.52","true"
"1859","Keep present across","454.81","false"
"1860","Write although","73.09","false"
"1861","Discuss bad oil bring according","109.85","false"
"1862","Energy ever clearly","493.52","false"
"1863","Number thank","324.33","true"
"1864","Loss year development subject","12.93","true"
"1865","Seven exist top hear","319.79","false"
"1866","Traditional body office close","336.56","true"
"1867","Lay impact bring road quite","453.78","true"
"1868","Possible behavior picture say","432.70","false"
"1869","Wrong central","480.30","false"
"1870","Help current across seven film","349.98","true"
"1871","Method if outside bank","283.09","false"
"1872","Consider ten ready","139.59","true"
"1873","Mr fill computer fine","66.49","false"
"1874","Offer firm last pattern look","59.12","true"
"1875","Dark range player us","234.23","true"
"1876","Across why","491.04","true"
"1877","Consider together understand father","479.39","false"
"1878","Adult page series","148.85","false"
"1879","Prepare difference daughter move room","363.73","true"
"1880","Brother back white live alone","201.33","false"
"1881","Experience resource major while","206.31","false"
"1882","Week position federal soon","125.92","true"
"1883","Word street if we","443.97","false"
"1884","Something fear goal","429.77","false"
"1885","Factor hope old to thousand","419.02","false"
"1886","No area turn itself","308.28","true"
"1887","Among which century leave","69.99","true"
"1888","Professor style discuss off","102.25","false"
"1889","Group fly really whatever","113.01","true"
"1890","List study","138.52","false"
"1891","Ever lay per in thus","385.89","false"
"1892","Local candidate land with","495.85","true"
"1893","Others carry stop","363.10","false"
"1894","A ago whose","14.91","true"
"1895","Although purpose east","103.65","false"
"1896","Party understand support","260.84","true"
"1897","Feeling position value","53.46","false"
"1898","Trade follow","463.96","true"
"1899","Hard statement","11.92","true"
"1900","Goal crime wind","105.73","false"
"1901","Almost grow","123.70","false"
"1902","Wait wide","420.67","true"
"1903","Kind structure","263.54","false"
"1904","Unit moment act friend thank","372.49","false"
"1905","Number read particularly safe","398.39","true"
"1906","Hear option concern","419.56","false"
"1907","Could fly million body","140.59","false"
"1908","Dark natural","173.16","false"
"1909","Nation blood country","431.03","true"
"1910","Including push community","163.74","true"
"1911","Able glass","424.82","false"
"1912","Some nice until perform later","4.44","false"
"1913","Order write brother","428.48","true"
"1914","Report fish do environmental","110.54","false"
"1915","Choice score","364.09","false"
"1916","Audience keep life watch","122.87","false"
"1917","Old training condition read","52.92","true"
"1918","Speech party put sing","262.81","false"
"1919","Condition son","213.91","true"
"1920","Him back court check","324.18","false"
"1921","Ability even","310.39","true"
"1922","Cup operation somebody white","500.47","true"
"1923","Lot common city","487.34","false"
"1924","Final consider threat","274.61","false"
"1925","Participant eye way carry","55.76","true"
"1926","Onto entire popular carry","294.81","true"
"1927","Letter little western sound","279.35","true"
"1928","Together quickly both","209.30","true"
"1929","True music film","485.90","false"
"1930","Public activity somebody similar","413.52","true"
"1931","Born perhaps personal","425.31","false"
"1932","Room central","86.73","true"
"1933","Go environmental mother what scientist","216.56","true"
"1934","Whose enter family base","329.46","false"
"1935","Property tree carry very","428.96","true"
"1936","Appear field majority degree risk","40.89","false"
"1937","Anyone fish treatment","452.51","true"
"1938","Theory bad for become","298.02","true"
"1939","Business although","429.84","true"
"1940","Group interest deep","251.77","true"
"1941","Fall down","445.55","true"
"1942","Reason history far garden","155.75","false"
"1943","Up marriage","223.39","true"
"1944","Main past","59.60","true"
"1945","Market everything responsibility draw","238.78","false"
"1946","Candidate federal hand too","413.54","false"
"1947","Say dinner return along focus","353.83","false"
"1948","None must","88.78","false"
"1949","Bank design eye","342.72","false"
"1950","Strategy food gas","198.35","true"
"1951","My beautiful treat wish","401.90","true"
"1952","Middle us","186.80","false"
"1953","Visit player professional","272.43","false"
"1954","Out dream interesting","182.46","false"
"1955","Could term those similar offer","156.80","true"
"1956","Occur resource she","361.41","false"
"1957","Cause number radio","234.42","true"
"1958","Reality something name","107.93","true"
"1959","Because expert product feeling","32.26","true"
"1960","That improve pull record even","183.20","true"
"1961","Wide professor break recognize","448.32","true"
"1962","Perform wait same them film","190.57","true"
"1963","Ability listen lay executive","222.09","true"
"1964","Art drive response central drop","203.93","false"
"1965","Term week various","46.59","true"
"1966","Member lawyer wait","150.42","false"
"1967","Far fine","304.39","true"
"1968","Agree admit start","489.81","false"
"1969","Happy opportunity behind","334.43","false"
"1970","Forward cell policy food","348.90","false"
"1971","Three job bit few best","300.05","false"
"1972","Compare field open others","478.04","true"
"1973","Clear and whom weight three","405.81","true"
"1974","Course production sit","70.00","false"
"1975","Small base both","466.64","true"
"1976","Father black federal","204.92","true"
"1977","Nation major along attorney billion","78.31","false"
"1978","News start rise attack month","474.31","false"
"1979","How its possible agree share","321.74","true"
"1980","Born much media","294.51","true"
"1981","Factor skin give enjoy site","458.43","false"
"1982","Notice you","104.90","true"
"1983","Candidate action give","269.23","true"
"1984","Figure learn strong window","18.06","false"
"1985","General break","33.17","true"
"1986","Paper relationship","361.61","false"
"1987","Shoulder stand guess industry guess","222.23","true"
"1988","Simple hope energy","303.08","false"
"1989","Moment both law statement","99.65","true"
"1990","Across ability she inside","67.16","false"
"1991","Ok too","208.60","true"
"1992","Suddenly election forget book hundred","421.30","false"
"1993","Do happy large","158.75","false"
"1994","Director economy mention","496.93","false"
"1995","Point return bed store near","190.44","true"
"1996","Enjoy expert player seek collection","36.62","false"
"1997","Daughter would important million future","176.01","true"
"1998","Loss address long","496.21","false"
"1999","Relationship our within condition Mrs","445.77","true"
