"0","309","1","9","Million us send system article turn.","2012-10-22 20:02:49"
"1","413","2","1","Way arrive usually into.","2000-04-03 11:30:46"
"2","208","3","10","Financial her value should program.","2012-06-01 01:13:19"
"3","74","4","0","Think against five early behavior tough east less.","2001-11-07 16:08:55"
"4","321","5","6","Particular apply area war house possible.","2019-07-23 21:28:30"
"5","286","6","0","Pull brother realize process wide course.","1999-12-13 04:35:08"
"6","129","7","2","Measure mean certainly movement attention director.","1993-02-09 23:59:42"
"7","257","8","8","Within clearly identify car nothing.","1972-03-20 19:44:25"
"8","174","9","0","Other future spring upon social.","2008-05-27 22:24:26"
"9","361","10","5","Media ago open better a expert.","1977-08-09 09:29:41"
"10","109","11","6","Just member resource manager throughout.","1987-06-05 22:09:23"
"11","172","12","2","Be cold war American provide population arm.","1990-11-14 15:38:40"
"12","100","13","9","Beat reduce way learn wish college there.","1995-10-22 05:57:33"
"13","324","14","9","Contain necessary capital performance.","2005-10-19 09:51:43"
"14","86","15","2","Return marriage window economy word manager national play.","2008-01-15 10:12:54"
"15","402","16","0","Address week subject.","1995-07-31 22:50:15"
"16","216","17","6","Partner myself lay although trade.","2007-07-14 18:52:09"
"17","498","18","6","Drive less conference similar address.","1973-06-04 13:32:53"
"18","293","19","4","School black government.","1975-01-01 03:08:41"
"19","489","20","6","Glass race key stuff couple where hard though.","1987-08-13 12:23:41"
"20","129","21","10","Physical from cold billion.","1998-03-28 21:35:46"
"21","281","22","9","Current two if course.","1985-01-05 16:33:55"
"22","259","23","5","Plan clearly yeah foreign foreign.","2012-01-19 20:27:52"
"23","61","24","10","These stay house between.","1973-09-11 00:37:02"
"24","370","25","9","Example art tough management must.","1997-07-30 12:38:36"
"25","75","26","6","Blood guess assume find four wide.","2008-01-27 09:10:25"
"26","150","27","2","Huge information agree kind.","1984-03-26 01:40:22"
"27","312","28","10","Enter operation usually physical.","1998-01-22 04:45:36"
"28","389","29","2","Easy blue debate job activity.","2018-12-17 15:59:09"
"29","482","30","9","High late road.","1974-12-13 11:11:34"
"30","217","31","10","Beyond matter organization resource watch after sort.","2002-07-01 09:42:05"
"31","245","32","3","Gun sign maybe mission director reflect relationship.","2007-06-06 19:31:53"
"32","418","33","10","Board no expert society.","1981-07-07 15:18:26"
"33","231","34","4","Economic during cultural article expect difference begin.","1982-04-02 09:51:12"
"34","155","35","1","Knowledge career maintain.","2015-11-06 15:31:10"
"35","32","36","7","Tax gun attention they.","1980-12-04 18:39:47"
"36","16","37","9","Act involve computer think.","1974-11-30 04:15:27"
"37","359","38","4","Term whom free author often ground total.","1993-10-24 00:29:09"
"38","498","39","5","Think down car he.","2013-04-24 12:31:30"
"39","96","40","4","Example citizen question.","2020-02-14 04:28:37"
"40","333","41","7","Civil opportunity girl public enter.","2015-04-30 21:56:00"
"41","247","42","1","Discuss knowledge mother ten environmental back.","2008-08-05 06:54:51"
"42","154","43","2","Authority theory box.","1973-12-12 03:34:58"
"43","327","44","7","Sea score many important focus real perform win.","2020-02-11 14:29:33"
"44","234","45","0","Upon write current set machine down.","2006-11-29 15:45:07"
"45","432","46","3","Risk article may area will who.","2001-10-10 01:26:20"
"46","370","47","2","Minute culture east yeah group news account.","1972-11-05 19:53:03"
"47","76","48","5","South factor approach high Mr.","1988-11-24 23:23:13"
"48","466","49","3","Forget item thank candidate organization decide.","1999-06-02 11:12:33"
"49","469","50","5","Once now simple staff network growth federal.","1987-07-07 10:43:15"
"50","219","51","3","Job law value money role spring son sure.","2007-04-24 11:08:01"
"51","294","52","6","Nothing how teach write again actually base.","2012-11-19 07:09:10"
"52","305","53","3","City one seven first event better.","1980-09-04 18:39:14"
"53","127","54","1","My face wide start rate prevent guy become.","2013-12-20 09:33:01"
"54","161","55","9","Exactly maintain issue they make.","1982-06-23 20:36:39"
"55","212","56","0","Score suggest type game statement beat never loss.","1984-08-10 00:52:27"
"56","398","57","10","Mrs lose group yet maybe go pull.","1991-12-12 15:28:16"
"57","219","58","5","Common analysis impact yet return rather.","2007-07-19 13:38:02"
"58","424","59","7","Cover indeed discuss across accept.","2015-10-30 21:04:41"
"59","263","60","10","Middle gun price peace election.","1994-01-27 00:49:50"
"60","473","61","5","Happen military reveal I.","1979-09-10 02:33:44"
"61","422","62","3","Affect always create.","2014-12-31 03:00:10"
"62","124","63","5","Attention necessary truth understand anything quickly.","2005-02-15 13:02:13"
"63","316","64","5","Education behavior early than.","1997-12-04 00:35:34"
"64","299","65","2","Fight the notice nation think.","1970-09-24 23:53:27"
"65","118","66","10","Force read dog many whatever authority indicate.","1996-04-14 07:20:33"
"66","96","67","9","Church thought lead travel.","1984-09-23 20:36:53"
"67","248","68","10","Level example car whatever laugh yet significant.","1977-02-05 04:31:19"
"68","489","69","10","World happen where million impact write focus.","1979-02-28 22:22:53"
"69","356","70","6","Work trade other raise dinner better rise.","1970-10-03 08:54:36"
"70","477","71","5","Leg enjoy seem theory crime top.","1979-09-03 18:43:01"
"71","152","72","0","Right conference involve miss degree close production.","1998-11-21 01:52:36"
"72","177","73","5","Thus could politics reveal order feeling price.","2018-02-25 23:49:27"
"73","137","74","4","Window least show information scientist Mr.","2020-12-25 09:28:25"
"74","32","75","8","Experience growth analysis authority sea PM business base.","2003-02-04 07:58:28"
"75","177","76","3","Culture cell high person family get.","1985-05-14 05:09:19"
"76","278","77","5","Sing current few name energy east.","2013-07-11 01:27:15"
"77","467","78","10","Clearly treatment power trouble.","1998-05-23 23:23:31"
"78","377","79","10","Material memory reflect process.","2004-07-08 05:12:38"
"79","375","80","7","Cultural eat our fear west relate yet.","1989-09-02 14:16:59"
"80","314","81","5","Traditional leave usually leg Democrat tell easy.","1973-07-10 01:36:00"
"81","160","82","1","So onto speak establish short.","1997-12-26 23:39:46"
"82","109","83","4","Important himself difficult call hope onto.","2009-04-22 14:55:54"
"83","112","84","4","Begin as share bit democratic visit guess.","2017-09-14 12:50:06"
"84","26","85","8","Scene page least.","1989-08-15 03:29:35"
"85","277","86","4","Seem number send particular true head.","2011-02-24 13:02:58"
"86","189","87","2","Price include season full wish.","2019-12-21 01:15:03"
"87","143","88","7","Send night sound.","1988-06-22 17:57:16"
"88","251","89","0","Current door focus.","2002-02-15 00:20:36"
"89","36","90","7","Scientist matter young society role.","2007-11-12 12:19:22"
"90","476","91","7","Argue realize draw perhaps none exactly director down.","2008-06-13 16:33:21"
"91","175","92","4","Specific fear traditional population chance condition able low.","2005-06-18 14:03:14"
"92","410","93","0","Brother lose change should.","2004-11-26 02:24:16"
"93","253","94","9","Weight perform leader tough such.","1995-09-24 16:01:48"
"94","215","95","9","Dog before major eight travel final.","1970-06-12 09:06:34"
"95","252","96","3","Leave best able society she adult test.","1998-10-05 17:08:17"
"96","405","97","7","Security benefit example analysis specific.","2000-12-23 19:09:19"
"97","341","98","1","Them official chance forget fill.","2013-08-12 21:14:41"
"98","132","99","8","Off office view.","1996-07-11 10:41:01"
"99","179","100","2","Go development also task enjoy accept head.","2019-08-26 02:44:24"
"100","401","101","6","Send high military become down hair capital.","2013-11-10 03:20:37"
"101","151","102","5","Table local mind exist system wish stand.","1988-10-04 19:34:31"
"102","351","103","3","Discuss hold himself.","2002-03-16 19:06:29"
"103","396","104","1","Determine responsibility conference better.","1973-09-01 10:06:04"
"104","91","105","3","Him take wait manager future student.","1993-02-03 09:38:19"
"105","335","106","10","Notice strong art voice foot value yeah.","1986-01-28 22:50:51"
"106","71","107","7","Head sing watch career world.","1995-04-22 10:13:27"
"107","40","108","7","Give hour analysis price offer surface last.","1994-08-24 13:52:32"
"108","236","109","1","Take teacher table agency thus show.","1995-07-25 14:42:57"
"109","435","110","3","Approach Mrs feel rich.","1970-10-20 13:18:36"
"110","308","111","2","Plant read wait.","1980-12-21 10:58:40"
"111","483","112","6","Prepare draw able source open.","1997-03-07 14:43:15"
"112","361","113","1","Civil city over nothing program home.","2013-01-07 03:48:55"
"113","78","114","6","Threat leg general account.","2002-07-01 03:56:08"
"114","388","115","6","If mention blue spend perform.","2019-05-27 21:09:54"
"115","174","116","0","Question writer more worker eat only drive.","1979-12-21 00:01:50"
"116","84","117","7","Series describe join any figure.","2015-01-15 20:24:30"
"117","358","118","3","Decision quite floor painting foreign guy.","1977-12-13 03:29:23"
"118","228","119","0","Hope kitchen coach computer.","2008-06-16 11:58:55"
"119","386","120","8","Benefit fear trip recognize popular.","2010-09-06 06:03:32"
"120","300","121","10","Teacher suggest help meeting coach.","2014-10-31 11:56:28"
"121","59","122","3","Which tough physical during mouth suggest.","1978-07-10 19:11:59"
"122","154","123","9","Form different become after north.","1984-03-16 06:43:04"
"123","64","124","7","Arrive audience someone according.","2001-09-16 17:42:08"
"124","473","125","2","Month at customer determine here face job.","1979-06-21 09:20:07"
"125","295","126","6","Child beat war simply body wind.","1976-12-26 10:56:22"
"126","241","127","2","Bag cup air effort traditional physical.","1997-11-25 04:59:08"
"127","102","128","4","Alone suffer require ask your stop cultural.","2000-02-16 07:22:33"
"128","314","129","3","Memory bit without arm.","1980-04-24 08:41:38"
"129","363","130","3","Use movement herself class administration piece.","2007-08-28 22:01:03"
"130","138","131","5","Medical admit oil beautiful contain.","1980-02-11 14:31:26"
"131","315","132","3","Fear bring rise five general.","1988-09-22 03:06:08"
"132","145","133","4","Try baby over idea.","1990-04-24 19:15:57"
"133","377","134","6","Kid today Mr at.","2015-09-29 09:07:46"
"134","242","135","7","Early movie tree past.","2002-04-15 10:34:42"
"135","237","136","10","Nearly American stuff low.","1995-12-31 02:54:31"
"136","486","137","2","Before product wide little.","1976-04-17 02:22:09"
"137","7","138","7","Fill smile long list consider car.","2003-07-07 11:20:19"
"138","229","139","3","Production local consider.","2020-03-25 04:49:21"
"139","103","140","0","Old Republican television.","1993-12-17 04:25:51"
"140","352","141","4","Reflect sport day day box.","1982-06-23 13:31:05"
"141","131","142","8","Audience word create range three.","1978-10-17 15:22:46"
"142","334","143","3","Hour loss still during analysis raise.","2016-01-22 05:31:43"
"143","465","144","6","Follow garden raise history.","2017-02-07 19:24:12"
"144","159","145","5","Option high memory no.","2008-01-25 14:18:23"
"145","403","146","10","Shoulder story small few.","1978-02-01 05:39:18"
"146","37","147","0","From fear interest Congress tend official happy.","2010-11-14 02:01:24"
"147","375","148","7","Read deep truth.","1997-10-20 22:09:01"
"148","364","149","9","Fact themselves leg name concern.","2012-07-16 22:39:32"
"149","407","150","2","Lose reduce across newspaper.","1978-07-28 08:38:24"
"150","442","151","2","Account suddenly unit activity its clearly second.","2017-01-04 18:14:13"
"151","464","152","1","City of experience career final great personal least.","1989-04-25 15:53:34"
"152","70","153","3","Project who TV thank ahead while.","2004-06-12 22:10:28"
"153","451","154","3","Owner carry politics soon.","2004-10-01 08:02:38"
"154","217","155","10","South half second common join special PM authority.","2011-04-13 05:23:27"
"155","169","156","8","Son pattern begin.","1990-10-13 14:19:08"
"156","215","157","7","Cold foot relationship part society public drive.","1984-06-18 09:39:22"
"157","247","158","10","Stop cold provide risk still feeling near imagine.","1988-10-15 18:29:13"
"158","378","159","0","Current pass store human yeah few body.","1986-09-06 01:24:30"
"159","26","160","3","Cost bad analysis.","1979-06-23 23:50:08"
"160","293","161","6","Push community guy suffer require.","1975-10-13 03:53:21"
"161","358","162","3","State physical career often reason than.","2010-06-17 08:01:43"
"162","269","163","5","Catch technology daughter last.","2000-07-16 11:13:18"
"163","301","164","0","Exactly approach result dark stay will.","1975-04-25 23:01:28"
"164","325","165","2","Medical resource anyone modern.","1995-05-29 17:51:48"
"165","183","166","2","Back general drop.","1979-10-06 16:48:52"
"166","388","167","5","Feel economic kitchen though customer region.","1996-06-22 05:09:41"
"167","134","168","10","Behavior win over role industry.","1978-12-31 19:36:25"
"168","468","169","9","Wife manage same without senior simply story.","1984-05-18 12:18:49"
"169","113","170","7","Human cause create subject by science.","1980-12-23 15:44:58"
"170","114","171","6","Always determine pay foot fall coach night.","2017-06-01 06:06:08"
"171","137","172","5","Some heavy share sign difficult seat land.","1980-03-31 08:42:43"
"172","191","173","0","Believe indicate list inside.","1977-07-14 02:01:45"
"173","105","174","0","Voice debate both indicate.","2005-07-24 09:56:17"
"174","183","175","7","Anything performance set page account professional.","2012-04-17 15:51:41"
"175","364","176","8","Result drive opportunity pay.","2013-08-07 01:32:31"
"176","360","177","6","Bad purpose and matter subject.","1992-01-02 13:15:47"
"177","134","178","0","Mention somebody turn thus process.","1975-04-27 13:54:28"
"178","330","179","7","Market ready own skill and idea wrong enjoy.","2015-06-11 18:51:52"
"179","338","180","4","Nice woman office wrong air find physical.","2005-06-17 16:52:47"
"180","9","181","3","Physical shoulder trouble five senior me degree.","1975-01-27 17:56:40"
"181","219","182","1","Serious popular technology foot west then remain.","1977-05-25 20:15:07"
"182","335","183","0","Leg city century office town.","2001-07-07 08:04:29"
"183","140","184","10","Any ground participant culture.","1994-08-31 10:32:21"
"184","316","185","3","Sport reach production result religious.","1989-04-01 13:09:46"
"185","111","186","9","Now quality production risk.","1973-07-04 04:50:56"
"186","195","187","2","By cover design.","1970-02-24 11:14:57"
"187","42","188","8","Room manager newspaper type fill them.","2021-06-08 08:55:32"
"188","472","189","5","Down economic carry few such us hundred.","1973-11-26 14:34:21"
"189","191","190","3","East religious standard cost.","1998-06-16 23:45:59"
"190","341","191","0","Heavy reveal say generation war.","1995-05-04 16:56:07"
"191","107","192","2","Chance investment buy.","2013-04-09 20:08:35"
"192","398","193","9","Effort writer onto at culture leave most analysis.","1997-09-09 00:04:47"
"193","256","194","4","Discussion someone business dark concern treat.","2009-09-29 02:47:38"
"194","263","195","4","Use final usually worker movement discussion month.","2007-02-25 00:29:00"
"195","460","196","7","Sign country discover onto thing talk control.","2011-11-22 13:16:39"
"196","458","197","6","Experience try defense color wrong.","1974-04-12 16:57:37"
"197","58","198","0","Might loss citizen party military recent.","1983-02-01 09:40:43"
"198","96","199","0","Vote industry onto.","1985-11-02 19:58:48"
"199","173","200","4","Expect service effect her morning off.","2020-07-08 18:32:21"
"200","379","201","5","Upon lead word later country drive race.","1989-01-28 17:44:24"
"201","371","202","2","Role sing as hair.","1999-11-08 11:47:39"
"202","411","203","6","Suggest laugh letter admit.","2015-12-17 15:35:43"
"203","152","204","1","Art activity address movement since accept win.","1992-02-13 22:03:19"
"204","65","205","3","Year start culture throw policy would sound result.","1989-02-21 18:51:35"
"205","308","206","4","Success sense energy local political professor begin seven.","1988-07-01 08:39:58"
"206","398","207","1","Her machine study series model.","2005-12-31 07:01:14"
"207","214","208","0","Modern argue month sit.","1997-02-24 19:23:27"
"208","463","209","3","Ability sort suffer describe standard his.","1975-04-12 14:58:32"
"209","189","210","6","Maintain democratic officer protect visit.","1995-10-25 06:00:18"
"210","405","211","6","Develop present music throughout.","2017-03-24 00:39:53"
"211","353","212","0","Box sport address attack weight week effort easy.","1985-02-22 19:31:39"
"212","183","213","2","End race test health return artist.","1979-04-27 20:31:46"
"213","401","214","6","Standard talk senior idea tell.","1988-02-22 05:32:48"
"214","64","215","10","Production building certainly movement drug know.","2018-04-17 11:34:37"
"215","266","216","3","Might why upon provide different.","1988-08-21 02:42:43"
"216","169","217","5","Center wait write meeting cell food other pattern.","1981-05-25 01:27:05"
"217","269","218","10","Measure research task these.","2012-03-11 10:49:58"
"218","158","219","5","Last staff program.","2014-04-10 14:02:59"
"219","139","220","7","End water somebody very.","2008-05-29 05:09:03"
"220","418","221","9","Campaign attack other cup discuss drug mission.","2021-11-06 02:12:32"
"221","211","222","4","Myself practice worry result day situation whole.","2018-02-18 20:59:35"
"222","151","223","3","Try trial thus recently enjoy skin own.","1992-07-31 21:19:33"
"223","25","224","4","Couple he despite entire.","2007-05-04 05:52:25"
"224","263","225","9","Course try lot report building health start.","2013-10-20 16:05:17"
"225","254","226","3","Trip worry seat southern goal way message.","1994-01-31 15:39:34"
"226","191","227","6","Part between sea.","1973-09-09 04:02:05"
"227","344","228","2","Look feeling treat team bed floor example.","1998-09-23 04:54:01"
"228","199","229","1","Staff item president rest policy item few business.","1986-05-27 06:41:04"
"229","75","230","10","Painting hit along traditional.","1994-07-21 23:59:24"
"230","243","231","1","Add reflect player else my suggest explain.","1983-10-23 14:55:55"
"231","437","232","1","Really field hospital.","1993-06-27 19:17:08"
"232","90","233","7","Eye more after role.","1988-06-20 02:38:19"
"233","35","234","6","Professor event report city language bring.","1992-08-19 12:25:00"
"234","187","235","6","Beyond poor writer return specific.","1990-04-24 14:35:53"
"235","75","236","1","Medical situation degree hit again.","2011-11-02 21:28:30"
"236","430","237","3","Strong energy reason change manage present market.","1988-11-11 15:31:51"
"237","422","238","3","Watch important lead population action talk.","1983-06-16 13:24:34"
"238","115","239","3","Leader history indeed top per step series.","2007-10-22 13:14:56"
"239","223","240","6","Management guess once those.","1997-11-11 03:29:11"
"240","227","241","0","Sign care little support market him point.","1972-05-26 07:28:28"
"241","399","242","8","Experience arm middle executive not their region reach.","1977-02-14 23:12:13"
"242","469","243","7","Compare stage trade watch many year year.","1975-08-10 07:16:05"
"243","131","244","10","Present laugh yet experience.","2020-07-01 12:42:56"
"244","473","245","5","List unit interesting year figure.","1972-11-07 16:44:39"
"245","349","246","0","Send read scene writer.","1990-01-12 06:34:09"
"246","34","247","4","Material after key because fast.","1994-10-29 19:42:13"
"247","202","248","8","Where fear summer card natural summer term.","1994-09-27 01:27:49"
"248","366","249","9","History reveal bed writer.","2004-09-09 06:09:20"
"249","196","250","1","Grow lose investment small.","1990-12-09 16:13:53"
"250","335","251","2","North watch poor four realize scientist law.","1971-04-30 18:35:23"
"251","359","252","5","Scene two without.","1981-03-21 00:13:29"
"252","387","253","9","Happy store student ability.","2012-10-04 17:21:43"
"253","273","254","6","Car fall institution current.","1991-04-04 14:10:14"
"254","42","255","4","Ever exactly question lay blood available.","1985-01-03 15:08:37"
"255","5","256","5","Policy similar similar crime father.","2019-06-14 10:20:11"
"256","315","257","7","Pick young place character without everybody hair.","2002-01-28 16:38:10"
"257","488","258","7","Expert official indicate.","1977-11-04 21:20:39"
"258","457","259","10","Decision state Mr point down education.","1975-01-12 22:18:54"
"259","143","260","4","Student daughter officer indicate prevent alone by apply.","1989-01-22 00:10:46"
"260","457","261","0","Human across seat.","1981-05-22 03:58:12"
"261","205","262","9","We attorney night situation.","2015-02-05 06:18:11"
"262","144","263","7","Exist pretty make than gas.","1993-08-05 15:55:10"
"263","139","264","4","None car administration according someone.","2006-04-20 00:40:08"
"264","311","265","7","Authority receive method.","1988-01-28 17:34:48"
"265","119","266","1","Commercial store huge forward public we range.","2007-03-10 02:25:38"
"266","237","267","0","Production become ago traditional eight.","2010-01-16 10:33:04"
"267","383","268","0","Rate require nothing meeting.","1994-01-12 14:53:17"
"268","309","269","7","Contain tax investment public safe.","1997-08-21 12:01:26"
"269","252","270","1","Past full large among.","1993-03-11 06:55:14"
"270","289","271","3","Board ahead relate various realize.","1972-11-11 20:02:48"
"271","245","272","6","Nation me soldier far.","1985-10-12 09:23:56"
"272","108","273","6","Relate land information ten describe.","2003-10-10 08:31:37"
"273","294","274","0","Ok fine for suggest like she.","1986-03-15 22:39:08"
"274","129","275","2","Baby fall another environmental report discuss.","1979-02-19 07:31:31"
"275","297","276","2","Campaign among street throughout rather bill anyone.","1997-09-20 04:57:26"
"276","262","277","6","Leader under experience officer while many system.","2011-01-11 13:13:01"
"277","418","278","5","Attorney back partner artist.","1993-08-11 09:55:43"
"278","174","279","10","Growth exactly year size our coach brother.","1982-01-17 21:53:23"
"279","472","280","0","Probably base weight.","2008-11-05 06:23:36"
"280","334","281","5","Cover base worry.","2020-10-14 23:12:38"
"281","273","282","2","Past value upon serve Mr thousand however new.","1989-06-26 23:11:56"
"282","179","283","8","Safe hit task enter event back capital four.","2008-07-04 03:20:41"
"283","139","284","7","Six model only easy as.","1983-06-11 09:34:32"
"284","476","285","4","Ability would pattern explain real expect manage.","2009-09-10 16:17:27"
"285","106","286","2","True group task peace least off performance in.","2004-02-23 00:42:54"
"286","66","287","3","Office necessary side political.","1973-08-09 23:19:43"
"287","192","288","0","Focus generation protect pass dark police laugh.","2003-08-28 06:15:54"
"288","100","289","9","Language floor campaign.","2010-12-14 21:06:38"
"289","340","290","6","Detail open whom couple someone into PM religious.","2014-09-23 19:00:14"
"290","256","291","8","Through consider to determine spend evidence including fish.","2015-05-11 03:14:51"
"291","237","292","3","Expect benefit after probably vote reflect.","1972-04-29 11:14:16"
"292","449","293","3","Site buy politics recent name television term.","2013-04-03 23:13:26"
"293","243","294","10","Fear prevent leader training create speech.","1999-10-19 22:25:04"
"294","483","295","10","Might help night summer mission story.","2000-11-18 04:57:40"
"295","393","296","8","Pattern relate should cause.","1976-06-27 01:05:12"
"296","470","297","10","Deal although sort well people evidence quite.","2018-03-17 07:12:23"
"297","340","298","8","Six grow blue learn successful case month hard.","1991-10-21 08:04:42"
"298","190","299","8","Fund parent notice thing.","2021-01-03 10:26:12"
"299","241","300","5","Nature table carry all then left anyone.","2011-04-08 13:10:56"
"300","347","301","4","Knowledge include miss suffer task throughout.","2019-05-02 14:32:32"
"301","414","302","10","Person worry throughout everything.","1976-08-06 19:31:07"
"302","255","303","0","Party account range.","1984-09-10 22:08:11"
"303","319","304","5","Easy trouble technology sea example.","1982-10-09 07:37:06"
"304","492","305","6","Goal decision development response.","1988-08-01 19:28:22"
"305","5","306","3","Citizen skin cell despite successful sell.","1976-10-11 17:19:35"
"306","69","307","7","Wish effort already continue glass.","1988-08-18 13:33:20"
"307","21","308","0","Challenge too science education situation development clear.","1973-07-31 08:26:10"
"308","237","309","10","Choose difference friend determine dark.","1974-03-27 11:37:14"
"309","251","310","9","Return then prevent scientist region maybe.","2003-10-06 18:25:23"
"310","206","311","7","Home community relationship child culture.","1988-12-01 17:51:57"
"311","406","312","6","Activity teach prepare most position poor hand.","2015-10-01 00:41:44"
"312","495","313","4","Smile account picture.","2000-11-15 10:25:22"
"313","68","314","4","Trial nor court.","2020-06-01 05:17:03"
"314","2","315","6","Book let ahead get word type quality.","2016-04-18 16:15:19"
"315","479","316","1","Too candidate mother trouble firm success.","1997-01-22 23:59:03"
"316","105","317","2","Social order music pressure.","2012-01-29 06:17:03"
"317","107","318","5","Allow member local itself animal quality.","2010-08-23 11:55:04"
"318","326","319","8","Energy think decide officer.","1987-08-09 15:34:51"
"319","21","320","0","Listen get get good well green.","2006-05-04 01:36:09"
"320","69","321","6","Stand left outside put goal dream.","1979-06-27 03:22:03"
"321","450","322","1","Modern entire whose successful yet.","1980-08-28 07:34:31"
"322","249","323","10","Image father use cover husband.","1997-10-31 15:52:57"
"323","28","324","9","Themselves door weight fall night happen.","1987-05-07 10:10:13"
"324","321","325","7","Safe somebody white meeting.","2004-12-21 16:24:52"
"325","147","326","10","Stuff find help teacher.","2006-04-25 19:10:56"
"326","234","327","9","First system religious mean hospital.","2011-05-12 20:41:14"
"327","85","328","0","Black cover dream season some.","1989-06-22 10:28:18"
"328","248","329","7","Such message energy.","1972-06-05 17:40:13"
"329","37","330","6","Just late camera artist.","1987-02-09 22:53:34"
"330","404","331","3","Ago music forward direction.","1980-02-27 03:45:27"
"331","360","332","1","Poor then lawyer.","1978-09-09 14:28:49"
"332","244","333","1","Eat language two young chair perform.","2010-12-20 18:23:24"
"333","177","334","9","Risk happen unit office building life.","2009-10-30 07:06:09"
"334","252","335","1","Color tree size short wind movement.","1993-05-19 10:22:16"
"335","195","336","6","Set blood interview agree note.","1995-06-21 15:01:03"
"336","153","337","8","Our use hand result.","1974-12-11 14:47:44"
"337","393","338","5","The religious and when effort research staff.","1996-01-14 01:21:36"
"338","18","339","3","World shake campaign far concern.","1992-02-22 12:45:35"
"339","25","340","10","Dog recent school side by suggest.","1992-03-23 02:40:12"
"340","488","341","6","Sea away figure mean such American.","1991-06-09 04:25:12"
"341","221","342","3","During month pick yourself kid less term.","2001-02-01 13:24:42"
"342","58","343","4","Answer check prepare that indicate.","1999-05-18 15:55:14"
"343","467","344","1","Up education each feel.","1990-02-03 15:04:11"
"344","402","345","4","Kind move she focus.","2010-11-17 23:23:06"
"345","166","346","5","College spring vote prepare.","1996-02-16 01:40:44"
"346","402","347","3","Recognize mean not.","1999-03-11 17:11:23"
"347","171","348","1","Box girl reach world dog.","1993-07-24 03:57:26"
"348","412","349","2","Together audience report long beyond including relationship yard.","2000-04-23 19:47:58"
"349","340","350","5","Man rule manager final.","1978-07-31 00:59:56"
"350","126","351","9","Land television keep ability him maybe wish.","1972-02-17 01:17:32"
"351","34","352","0","Themselves let knowledge conference lead before improve.","1985-04-18 20:10:22"
"352","330","353","4","Whether country write hot.","1973-03-23 19:06:16"
"353","239","354","0","Ground whose marriage law loss development grow.","2001-08-24 15:13:00"
"354","173","355","4","Car interest very power special particularly into.","2007-06-05 06:18:24"
"355","93","356","4","Will expert material class.","1993-01-16 18:30:51"
"356","9","357","9","Develop evidence cost someone office.","2011-06-11 05:08:08"
"357","450","358","2","Like month list cup trouble.","1980-02-12 16:43:22"
"358","254","359","8","Live human mention still.","1994-10-25 16:50:03"
"359","381","360","2","Discussion camera plant them today.","1999-02-24 01:15:52"
"360","80","361","7","Attorney half third yourself popular bad.","1993-10-21 02:11:04"
"361","146","362","8","Figure well best meeting value these.","2012-03-03 23:08:01"
"362","91","363","0","Sense doctor them back alone build.","2014-02-17 04:24:38"
"363","158","364","5","See matter interest son shoulder shoulder.","1996-01-16 05:23:32"
"364","448","365","0","Home yes something shake by certainly commercial page.","1996-12-29 09:27:49"
"365","495","366","3","Necessary myself happen pressure fast practice.","2003-03-01 17:55:25"
"366","272","367","9","These country small newspaper admit again true.","1973-01-05 04:52:01"
"367","276","368","8","Risk describe between heavy artist voice.","2011-05-13 15:21:50"
"368","287","369","10","Itself reveal adult.","2017-09-29 04:39:31"
"369","107","370","4","Forward guess million exactly police.","2006-11-08 12:41:15"
"370","64","371","1","Friend paper anyone ground happen.","2011-10-25 08:17:23"
"371","129","372","4","Company environmental win attention need because.","2002-07-09 23:04:46"
"372","303","373","6","Writer everyone level bill smile everybody travel.","1996-11-01 11:17:52"
"373","123","374","0","Another even right surface according ok.","2002-11-29 10:14:18"
"374","174","375","5","Police strong push oil.","1976-04-08 09:06:13"
"375","361","376","3","Cell the citizen democratic still.","1982-09-28 01:47:31"
"376","79","377","5","Want early thus central can Mr.","2021-09-26 05:18:04"
"377","433","378","0","Some worry decision current fish card section.","1990-07-07 13:26:26"
"378","244","379","5","Imagine lot century deal pass report.","1984-10-28 02:53:49"
"379","167","380","1","General nation business he account majority.","2003-02-03 23:02:50"
"380","205","381","9","Race miss how enjoy bit.","2004-10-26 16:42:04"
"381","404","382","8","Bill receive individual film often know.","2010-05-03 15:05:25"
"382","349","383","3","Usually environmental exist many.","1998-02-15 06:59:40"
"383","444","384","8","Instead nature less author.","2003-12-27 01:54:57"
"384","95","385","5","She amount technology world.","1979-11-23 22:46:52"
"385","478","386","4","Budget responsibility mean pass life.","2019-05-28 18:14:02"
"386","448","387","8","Dark wish official ok child.","2021-04-01 09:31:38"
"387","439","388","2","Modern whom him score as public property.","1977-08-03 02:45:31"
"388","69","389","9","Attention drop official community hold treatment.","1977-05-02 00:28:37"
"389","162","390","4","Argue art inside laugh scientist.","2012-04-11 13:02:54"
"390","462","391","7","Small off note but somebody wear possible.","2008-06-07 02:25:20"
"391","159","392","3","It song fight song likely our for while.","2013-10-23 10:39:31"
"392","88","393","4","Student score majority sit goal race international.","1977-06-13 17:01:40"
"393","87","394","3","Air work professor Mrs.","2017-03-05 00:18:52"
"394","173","395","4","Reason right early success religious own view will.","1981-12-15 11:49:53"
"395","305","396","1","We few pay hospital shake Democrat.","1993-08-18 03:06:02"
"396","247","397","9","Weight a teacher PM step.","2013-11-22 09:48:12"
"397","283","398","5","Edge visit threat wait.","1975-03-24 01:37:00"
"398","226","399","7","How answer attorney raise determine.","1993-08-26 13:39:55"
"399","60","400","0","Able start environment seat if.","2017-01-09 16:30:15"
"400","11","401","5","Off style speech activity maybe.","1984-04-07 00:03:27"
"401","116","402","6","Science increase their skill.","2013-12-28 11:53:13"
"402","464","403","9","Cold happen girl another experience.","1997-12-11 18:21:42"
"403","430","404","2","Pick she tend health.","1976-08-30 07:54:41"
"404","182","405","1","Glass from quality amount all.","2015-06-13 07:48:01"
"405","355","406","4","Message alone also none staff least rich Mrs.","2004-12-06 23:14:36"
"406","354","407","2","Nation there son total staff so see.","1992-06-04 04:13:30"
"407","221","408","2","Sound minute data take carry better give.","1980-05-16 08:09:53"
"408","165","409","5","Allow admit who simply per large position step.","2003-12-25 11:29:38"
"409","54","410","0","Significant rise art pretty buy adult.","2020-09-05 21:25:57"
"410","293","411","4","Service modern understand enjoy laugh.","2020-11-21 07:54:54"
"411","86","412","6","Occur know art certainly trouble training.","1973-03-27 23:33:26"
"412","96","413","1","Four suffer material between.","2015-06-22 18:45:46"
"413","452","414","2","Experience artist exist scene human white dark.","1983-03-23 13:37:38"
"414","396","415","7","Above dream step onto apply beyond door everyone.","1973-06-14 08:54:38"
"415","242","416","5","Phone us hotel consumer green sea.","1975-04-09 13:12:25"
"416","193","417","7","Allow per continue.","1983-08-31 03:11:37"
"417","481","418","5","Window statement stop buy employee pass challenge eight.","2021-07-31 22:42:08"
"418","139","419","3","Later single cold heavy be arrive sister.","1978-05-24 01:27:08"
"419","301","420","9","Will beat per the practice modern field nation.","1998-08-17 14:49:33"
"420","312","421","7","Tonight own admit weight certain gas.","1974-07-10 23:02:17"
"421","413","422","5","What must particularly anyone choose.","1979-01-01 16:13:10"
"422","10","423","9","Moment official main laugh father.","1992-08-25 00:46:36"
"423","358","424","2","Story goal indicate industry more.","2016-03-11 03:26:22"
"424","141","425","10","Yes middle night also.","1975-05-29 11:01:34"
"425","35","426","1","Ready probably side eight.","1983-03-03 20:21:33"
"426","309","427","1","Identify increase for station yard help.","1992-04-14 15:54:04"
"427","402","428","1","Option discussion move it.","1981-05-05 17:51:54"
"428","366","429","1","Fund soldier put.","1983-01-17 23:16:04"
"429","327","430","5","Purpose couple trip foot.","1991-09-12 15:26:00"
"430","451","431","1","Really seem woman air environment town.","2003-04-14 14:42:43"
"431","240","432","6","Glass future when end throughout capital.","1992-04-25 22:26:39"
"432","20","433","2","Half look actually.","2013-12-02 19:46:46"
"433","262","434","1","Still rise military lot.","1997-11-27 08:16:19"
"434","385","435","4","Republican work institution technology.","2021-08-28 23:07:46"
"435","24","436","1","Deal set paper big.","2015-12-14 02:52:48"
"436","408","437","1","Guy table realize night organization child stock bring.","2021-03-18 04:11:59"
"437","50","438","3","Water reach box crime table speech score somebody.","2005-09-18 04:46:39"
"438","300","439","7","General discussion shake.","1979-01-02 17:23:03"
"439","489","440","1","West rich result to surface action.","2004-07-22 21:06:01"
"440","173","441","6","Season week member recent skill both hospital outside.","1995-01-15 15:52:20"
"441","176","442","3","Author particular hair.","1989-03-08 23:48:41"
"442","186","443","4","Action commercial build.","2015-07-24 14:03:59"
"443","106","444","0","Care whether contain future bring without system.","2002-06-25 13:26:15"
"444","10","445","7","Anything assume fear sea discover.","2009-03-24 18:45:31"
"445","122","446","8","Some if position family risk reach side.","2021-10-15 11:35:09"
"446","145","447","5","Bit production still improve run group sing laugh.","1971-05-24 18:54:11"
"447","290","448","0","Of time serious west.","1973-03-31 10:09:25"
"448","73","449","2","Like social degree note shake.","1976-08-02 14:26:32"
"449","46","450","2","Involve let enter base financial process.","1984-01-17 22:41:28"
"450","416","451","4","Adult message tonight benefit physical.","2013-09-09 15:30:18"
"451","102","452","4","Owner population federal friend difference result in.","2001-10-04 06:01:30"
"452","479","453","3","Forget writer building community walk others prepare able.","2010-08-20 11:19:25"
"453","125","454","4","Play nice simple by.","1979-12-16 00:53:25"
"454","240","455","3","Short involve peace commercial policy lose step.","2019-11-19 14:41:13"
"455","279","456","5","Analysis feeling good budget write success.","2021-04-22 15:23:55"
"456","175","457","1","Could kitchen rule follow happen under car.","1982-02-16 22:20:57"
"457","248","458","2","Minute cover house character across wait.","1997-09-15 18:20:55"
"458","497","459","9","Investment expect analysis oil exactly.","2002-06-14 04:20:38"
"459","301","460","7","Task however magazine group gas there.","2003-01-08 16:55:53"
"460","387","461","6","Role trip difference election race glass.","2019-03-24 07:41:24"
"461","179","462","10","American inside about property need.","2004-06-03 02:26:07"
"462","150","463","10","Window professor project radio however.","2020-09-13 14:49:44"
"463","250","464","10","Everyone rather meet rule manager teacher.","1981-11-14 09:49:53"
"464","248","465","8","Her fight girl able all weight two.","1984-06-09 23:43:06"
"465","105","466","9","Entire note important according carry.","1991-08-08 13:26:05"
"466","420","467","5","Central treat like.","2008-04-11 13:23:21"
"467","234","468","6","Every state break.","2008-09-26 21:46:47"
"468","356","469","0","Until cell become bit similar blood own to.","1985-06-08 23:18:20"
"469","141","470","1","Everybody allow fire consider my.","1999-03-19 15:01:35"
"470","267","471","3","Class sound knowledge talk opportunity join above.","1982-02-16 10:07:30"
"471","248","472","4","Teach different special without garden appear time particularly.","2020-02-10 17:00:01"
"472","266","473","3","Top build green local their.","2013-05-10 13:13:51"
"473","425","474","4","Hot admit stage mother heart.","1976-06-03 10:50:35"
"474","295","475","8","Strategy investment teach herself.","2008-08-19 02:03:09"
"475","242","476","5","Allow second why once board.","1989-10-27 14:46:12"
"476","5","477","0","Point continue same thank carry.","2021-10-06 18:36:14"
"477","327","478","3","Democrat leave above reflect.","1976-10-05 15:40:16"
"478","61","479","0","Throw view region born test.","2017-04-12 13:34:58"
"479","68","480","4","See allow because.","2017-07-24 21:58:46"
"480","174","481","9","Resource when today add strategy music.","2006-03-19 09:05:38"
"481","106","482","0","Sometimes important company pretty record vote ask.","1977-11-04 19:09:10"
"482","312","483","1","Arm big tell.","2019-02-25 09:36:33"
"483","260","484","7","Evening teacher own space.","2010-03-06 11:26:16"
"484","312","485","7","Find account two some term pick reflect.","1992-05-26 01:42:46"
"485","196","486","9","Throw how experience learn partner company.","1988-02-18 01:38:10"
"486","59","487","6","Up west national vote number.","1976-01-22 03:00:37"
"487","303","488","3","Process road at time less put pattern.","2004-06-30 19:41:59"
"488","286","489","2","Expert sometimes system environmental white.","1995-02-14 09:17:08"
"489","87","490","2","Call worry arrive together line if woman Mrs.","1986-11-21 10:42:38"
"490","24","491","2","Food eye according town nothing democratic.","2021-02-10 22:27:42"
"491","299","492","7","Authority population bill game site successful.","2002-09-26 07:10:14"
"492","54","493","8","Free contain loss activity alone system as.","2002-04-26 04:10:43"
"493","198","494","4","Future individual write above.","1994-12-12 13:00:51"
"494","344","495","9","Continue stay trade activity four true song me.","2017-05-15 01:54:06"
"495","215","496","9","Doctor effect force skill product.","1991-06-19 14:27:06"
"496","26","497","9","Successful ball rate identify article thought computer.","1993-08-02 05:10:15"
"497","129","498","3","Actually rather ask.","1987-07-23 17:59:22"
"498","62","499","7","Add drop particularly successful item.","1978-02-14 09:54:22"
"499","114","500","7","Bag despite might sometimes two.","2021-02-25 16:47:24"
"500","472","501","1","Society president down time.","1975-04-02 03:23:08"
"501","363","502","1","Standard test successful low style.","1985-02-24 01:29:37"
"502","491","503","5","Hair year support send bed guy tend foot.","1975-06-24 23:19:40"
"503","301","504","5","Kid account space suggest candidate some.","2016-08-22 23:58:40"
"504","366","505","0","Argue politics whatever teach.","2014-10-10 20:24:02"
"505","123","506","9","White market between drop series reality kind.","1995-01-16 09:43:14"
"506","175","507","7","Improve wait poor finish break edge benefit.","2006-11-20 18:12:46"
"507","39","508","2","Wide program mention think discover.","2016-09-05 01:05:17"
"508","193","509","3","Well report success American cut majority.","1982-12-20 06:52:52"
"509","297","510","8","Enough above month indicate land.","2006-04-19 13:21:33"
"510","3","511","10","Population street study court game shake morning.","1985-11-03 13:08:08"
"511","365","512","2","Hair section true.","1982-01-04 10:56:23"
"512","317","513","3","Rock mean window card leg customer.","2010-11-29 16:55:20"
"513","385","514","4","She theory wrong visit company data.","2018-08-10 14:48:00"
"514","377","515","6","Deep huge great letter.","2003-01-13 08:43:36"
"515","461","516","5","Production production clearly try.","2006-05-10 15:52:30"
"516","422","517","0","House approach sign say participant choose themselves.","2018-02-25 04:15:32"
"517","86","518","9","Day heavy as particularly color.","1983-01-26 09:20:16"
"518","246","519","7","For PM crime break.","2001-12-19 13:12:39"
"519","312","520","4","International before contain young former your upon.","1999-12-17 18:40:26"
"520","385","521","7","Particular door task.","1997-05-05 01:14:13"
"521","47","522","4","Day near threat risk ready choose.","2013-10-14 08:34:14"
"522","65","523","10","Policy economy me.","1983-05-07 07:35:18"
"523","377","524","3","Across song ready compare large among different.","1972-10-28 02:36:20"
"524","418","525","8","More floor billion live drop line just.","1987-12-26 21:11:45"
"525","447","526","5","Hotel past the right pull level professional suggest.","2019-10-18 08:26:27"
"526","25","527","1","Cost property risk treat.","1996-12-05 04:36:01"
"527","227","528","8","Forget culture program their attorney common issue.","1985-12-22 20:03:49"
"528","40","529","0","Me care former into best believe stand.","1996-04-28 16:59:59"
"529","117","530","6","Under prevent western drop five dream firm.","1972-03-29 04:28:14"
"530","31","531","7","Bad ground open imagine road fast.","1998-03-08 08:57:08"
"531","393","532","5","Foot the more usually lot fish.","1994-03-29 02:00:22"
"532","406","533","9","Where front down stock mission where doctor.","2011-05-05 13:25:23"
"533","201","534","0","Future prove black learn top pull.","1997-01-27 02:22:45"
"534","238","535","1","Near already guess television leave television service.","1996-08-12 01:06:30"
"535","374","536","9","Thought former simply happy just figure would.","1974-10-15 16:38:40"
"536","174","537","6","Economy project national natural really.","2007-01-25 08:36:56"
"537","383","538","2","Special young sport voice car color property.","1988-11-19 16:24:24"
"538","200","539","7","Public people because assume occur computer fall.","2021-01-10 18:50:48"
"539","316","540","1","Long small way story talk.","2004-09-16 10:42:44"
"540","43","541","3","Chance me happy give.","2007-09-29 16:40:47"
"541","490","542","5","Building assume design.","2005-08-18 13:22:19"
"542","455","543","7","Feel person theory.","1994-03-15 15:51:21"
"543","42","544","3","Party will fine agent allow edge.","1997-07-11 09:19:43"
"544","144","545","7","Kid when because Congress worry.","1998-05-08 22:26:46"
"545","441","546","9","Take gas who car.","1976-02-26 22:13:12"
"546","16","547","4","Edge per card more.","1980-01-25 19:37:35"
"547","433","548","4","Morning today simply dark rate investment.","2009-12-24 02:48:44"
"548","310","549","7","Building I run.","2020-04-10 07:59:45"
"549","159","550","4","Scene difference box large chair pretty manager.","2011-08-31 01:11:54"
"550","198","551","4","Single various operation the.","1971-10-13 21:47:51"
"551","392","552","4","Source cost trial personal trouble arrive.","2021-10-17 21:14:10"
"552","190","553","4","Military wind modern language young suffer.","1996-03-23 23:07:00"
"553","400","554","0","Like room establish cold western production throughout.","1985-01-29 02:16:07"
"554","305","555","8","Themselves billion program.","1974-01-09 15:41:57"
"555","393","556","1","Commercial military forward common.","2001-05-11 16:13:06"
"556","160","557","10","Him whole throughout measure agent industry.","2021-07-23 05:39:38"
"557","281","558","5","Evening training dinner today improve across.","2013-12-14 07:46:22"
"558","64","559","0","Dog base bed.","2004-12-02 08:51:13"
"559","181","560","10","Coach surface instead.","1991-02-06 13:26:02"
"560","392","561","10","Certainly pass your.","1975-06-26 22:42:36"
"561","44","562","10","Rather become product do them science radio tax.","1976-07-27 19:20:48"
"562","410","563","5","Will any raise social audience later sell.","2001-04-14 16:15:18"
"563","396","564","9","Nice compare quickly end.","2000-11-24 05:57:17"
"564","36","565","3","Mission dream western travel within see memory.","1999-05-09 16:56:53"
"565","248","566","1","Deal affect trade live.","1983-12-03 12:15:25"
"566","223","567","2","Interview goal response debate exactly unit idea.","1980-06-12 08:59:41"
"567","380","568","2","Away voice political attack.","2021-02-09 09:36:21"
"568","343","569","0","Scene say ever indeed protect nearly bank.","1989-08-23 10:37:14"
"569","84","570","3","Where we trade player.","2020-10-29 07:30:46"
"570","195","571","6","Heavy summer hospital term.","2010-03-08 15:39:12"
"571","90","572","5","Few order heart forward.","2018-08-24 13:54:20"
"572","55","573","8","Green force child trip.","2004-01-16 12:12:40"
"573","296","574","6","Indicate already continue down leader three.","1983-10-16 10:21:17"
"574","474","575","5","Evidence attack pattern.","2017-09-02 16:24:56"
"575","30","576","9","Ask own control activity.","1973-03-10 15:29:32"
"576","118","577","0","Nothing off blood throughout increase year condition perhaps.","1983-09-16 01:36:12"
"577","219","578","10","Tonight her paper store.","2009-11-01 12:25:37"
"578","2","579","4","Quickly the produce factor yeah.","2016-03-14 14:36:16"
"579","252","580","3","Range may show.","2018-12-08 03:50:06"
"580","48","581","3","Draw nothing crime.","1976-09-18 20:30:32"
"581","454","582","8","Song forget expect late entire girl job material.","1993-12-03 18:20:25"
"582","313","583","7","One I eat.","2005-06-15 17:57:36"
"583","50","584","3","Here blood each election.","1977-07-21 10:42:18"
"584","367","585","9","Cultural rule most computer brother maybe.","2017-07-09 08:57:19"
"585","188","586","8","See newspaper view personal baby far.","1996-04-03 04:50:30"
"586","9","587","6","Choice stage officer.","2006-10-14 14:02:29"
"587","47","588","1","Their image commercial whose rich modern late.","1987-01-02 04:45:20"
"588","210","589","4","Performance politics right argue seven field.","1975-05-08 03:01:56"
"589","200","590","10","Last become defense time less service stock.","1986-02-20 22:22:57"
"590","420","591","0","Player hour act task memory final stand.","1997-10-28 13:01:24"
"591","148","592","9","Director top not raise allow side admit.","1979-07-13 19:54:38"
"592","363","593","3","That full vote account.","1997-04-04 02:38:50"
"593","434","594","10","Feel truth born employee.","1983-09-20 23:53:51"
"594","149","595","6","Trouble risk last environmental wear.","1980-09-03 10:19:15"
"595","49","596","2","Affect girl community beyond generation.","2009-04-25 17:35:20"
"596","160","597","9","Mrs animal property enter bed often.","1976-11-04 00:04:20"
"597","106","598","8","Book ten speak mention interest tell.","2007-08-16 21:34:13"
"598","55","599","7","Company spring discussion truth prevent.","2009-06-21 00:07:47"
"599","440","600","2","Police crime subject line seat.","1977-11-09 04:48:37"
"600","368","601","4","Leg than area near.","1998-01-31 21:30:54"
"601","179","602","4","Win crime gun send everyone tree.","1980-08-21 19:34:57"
"602","293","603","6","Media measure door attorney.","2009-11-27 20:46:39"
"603","57","604","0","Not service ready.","1979-07-28 05:02:30"
"604","452","605","5","Be either occur ready yeah well society lay.","1972-08-11 12:46:34"
"605","25","606","2","Magazine rock responsibility physical.","2013-08-09 22:45:19"
"606","310","607","8","Stand toward government adult radio.","1974-10-24 21:27:40"
"607","213","608","2","Property western positive effort bank goal.","1990-05-05 13:49:50"
"608","328","609","7","Capital race face agreement forward.","1982-05-02 07:14:14"
"609","92","610","9","Somebody foreign myself learn perhaps.","1976-02-14 03:25:06"
"610","131","611","5","Serious no total size education the.","2002-01-31 14:22:15"
"611","143","612","6","Include different carry.","1999-01-24 09:22:17"
"612","253","613","8","Meet western group minute.","2007-03-07 05:25:38"
"613","377","614","3","Note large energy through up tree green better.","2006-03-03 21:29:56"
"614","115","615","2","Stuff participant notice mouth apply last step.","1990-02-02 02:53:37"
"615","215","616","4","Them staff write raise artist according.","1973-01-19 16:30:31"
"616","461","617","6","Magazine support there threat employee.","2011-04-22 17:43:43"
"617","384","618","4","Foot important result try opportunity level energy.","2013-10-24 03:44:57"
"618","413","619","8","Yeah series hand test factor.","2017-11-11 07:05:12"
"619","499","620","9","Believe box role computer enjoy.","1984-07-16 23:17:26"
"620","421","621","5","Want feeling parent economy north sell.","1975-11-14 01:18:48"
"621","308","622","1","Far often magazine lawyer term into significant.","1973-04-23 10:26:07"
"622","477","623","1","Beyond from outside interest.","1996-09-20 07:01:46"
"623","238","624","6","High official establish apply visit.","1989-04-08 11:25:01"
"624","363","625","4","Citizen late enough level together.","1972-01-02 06:59:31"
"625","52","626","6","Wait answer couple foot piece least.","2020-05-20 12:28:29"
"626","43","627","2","Would certain likely down marriage.","1979-05-07 07:46:34"
"627","247","628","8","Five executive officer ready film.","1974-09-10 13:28:44"
"628","36","629","3","Any office cell seek smile.","2012-03-01 12:01:47"
"629","130","630","4","Sometimes single allow seem parent state course.","1980-07-19 03:39:56"
"630","444","631","2","Pay total speak parent data suddenly along I.","1993-10-21 13:43:35"
"631","215","632","3","Fact head north.","1989-12-02 23:22:02"
"632","56","633","7","Reality green pick receive.","2012-10-24 16:10:47"
"633","186","634","8","Apply live those arrive talk.","2013-07-03 16:25:09"
"634","355","635","6","Court foreign increase.","2016-03-27 19:42:57"
"635","334","636","8","Although the eye line.","1988-07-27 18:56:41"
"636","70","637","10","School upon result.","2013-09-20 07:58:22"
"637","476","638","0","Already call spring read door.","2008-10-30 02:30:08"
"638","120","639","10","Try personal market special.","1973-08-21 07:20:00"
"639","468","640","9","Pick trade environmental finally road.","2006-08-08 03:40:06"
"640","363","641","3","Yard risk benefit keep quite special choice continue.","1995-06-25 12:28:59"
"641","55","642","9","Scientist series state determine.","2012-04-15 14:28:34"
"642","469","643","10","Anything yard support book single.","1995-05-31 01:40:50"
"643","194","644","2","Garden little police cultural.","2012-12-22 00:03:35"
"644","281","645","3","College area thank today future do manage fight.","1995-04-27 18:42:15"
"645","326","646","6","Deal or effect.","1973-01-24 22:23:52"
"646","289","647","0","Explain create product.","1991-07-01 18:43:33"
"647","339","648","9","Chair order design seem church.","2015-11-16 05:13:35"
"648","96","649","4","Position religious us speech low call.","2013-12-19 03:40:39"
"649","368","650","2","Member activity sort after entire and.","1999-10-12 08:23:37"
"650","302","651","4","Try hold building fear.","1971-11-30 07:51:04"
"651","364","652","1","Send large sound center believe wish continue.","1983-01-27 23:30:12"
"652","458","653","3","Notice its foot late meeting.","1991-11-06 13:08:42"
"653","236","654","7","Product test recently but role claim.","1970-03-07 20:27:38"
"654","377","655","4","Avoid quality common teacher.","2010-06-02 17:37:29"
"655","408","656","2","Order certainly prove animal surface top.","1980-03-30 10:43:21"
"656","250","657","10","Test participant animal consumer me.","1996-11-18 16:27:51"
"657","465","658","0","Environment radio report four.","1986-10-22 13:39:29"
"658","148","659","3","Almost nor range include suggest itself executive.","2012-10-26 23:01:06"
"659","285","660","7","Hot short green less.","1979-02-12 04:27:16"
"660","362","661","1","Talk deep whom animal pass perhaps main.","1998-10-10 19:40:48"
"661","419","662","8","Case third few former spend.","1975-07-13 18:37:28"
"662","328","663","5","Approach foot himself scientist none end.","1999-11-13 15:55:37"
"663","86","664","8","Technology nation step unit because various project.","2019-05-27 12:57:19"
"664","28","665","7","Send war art.","1985-04-30 09:40:33"
"665","471","666","3","Hot behavior and rich police fight.","1988-10-26 18:36:59"
"666","88","667","5","Cup realize among.","1972-03-14 05:52:41"
"667","397","668","0","Figure various matter since.","2020-09-27 16:12:40"
"668","484","669","10","But feeling strong rule large.","2012-10-29 15:26:54"
"669","444","670","5","Character perform film TV.","1999-07-12 15:13:03"
"670","235","671","5","Language party person turn others design present.","2008-10-18 23:02:18"
"671","423","672","1","Bar board environment wait wall hit base.","2002-10-15 20:53:42"
"672","126","673","5","Ground treat space.","1983-03-10 08:55:44"
"673","210","674","4","Over democratic similar either agent career challenge visit.","1974-11-13 08:15:46"
"674","481","675","5","Toward property inside safe despite.","1993-06-14 18:23:41"
"675","312","676","5","Finish party nothing couple sing adult fast official.","2013-05-18 18:05:11"
"676","452","677","1","Including research if show item minute traditional.","2013-03-07 12:09:52"
"677","78","678","5","Ready three class himself teacher visit discussion.","2009-04-16 18:02:38"
"678","93","679","10","Draw attack dinner imagine.","2000-08-05 09:52:17"
"679","88","680","2","News quickly above doctor reveal organization result up.","2009-12-25 15:55:10"
"680","219","681","4","Then pattern short identify cultural size society.","2002-11-28 03:19:45"
"681","79","682","4","House notice line operation sell business yourself while.","1979-09-12 12:47:56"
"682","304","683","5","Nation research character item individual.","2015-10-27 12:30:32"
"683","454","684","6","Resource magazine phone possible well building.","2015-12-28 10:46:28"
"684","92","685","7","Participant field among.","1973-03-22 03:33:43"
"685","281","686","1","Say the source low poor individual.","1987-08-25 05:23:35"
"686","466","687","4","Black base TV whole protect tree idea.","2016-11-22 06:51:19"
"687","148","688","1","Political which maintain fish sister news.","1985-04-20 20:51:17"
"688","58","689","4","Major later tend show civil relate follow.","1978-09-02 12:06:49"
"689","468","690","1","Discussion think act Mrs.","1986-09-11 19:46:30"
"690","313","691","9","Record seven act him last.","1996-09-12 04:40:27"
"691","123","692","2","Institution carry pressure nation detail.","1978-06-17 17:02:36"
"692","104","693","7","Station wide east quickly why blue.","1973-12-31 22:25:16"
"693","372","694","5","Forward to black size edge.","2012-10-23 10:09:22"
"694","283","695","8","Must people popular recent ever stay.","1994-06-08 16:52:57"
"695","428","696","2","Care minute road need seem.","2021-03-04 15:16:35"
"696","296","697","10","Network attack visit too ok this.","1990-03-05 08:24:52"
"697","458","698","6","Dark wife tell.","1971-10-01 04:11:19"
"698","473","699","3","Customer tell watch talk job simple light.","1972-08-03 20:01:41"
"699","183","700","1","Official performance simply especially.","2017-08-09 08:24:59"
"700","66","701","9","Direction national sometimes media.","2014-03-26 02:46:53"
"701","298","702","0","Describe heavy audience listen nature power.","1993-08-15 03:22:38"
"702","304","703","2","Book drug about PM.","2011-07-23 10:31:50"
"703","262","704","2","Conference condition they from her choose tell.","1988-07-12 05:42:09"
"704","315","705","8","Why window century art about fish turn.","2014-08-17 20:38:12"
"705","3","706","0","However there hotel.","2004-02-07 17:10:17"
"706","442","707","0","Rather onto wait Mr I bill.","1999-12-31 13:22:34"
"707","294","708","0","Contain huge majority wide.","1985-06-01 08:06:39"
"708","88","709","7","Upon itself raise state nature.","1990-04-17 17:58:36"
"709","9","710","6","Argue occur ability natural cover.","1986-02-26 04:08:18"
"710","439","711","6","Sing positive kid range.","1983-11-03 22:55:04"
"711","183","712","5","Bit lay rule voice yet action nation.","1987-11-03 08:41:52"
"712","311","713","9","Imagine information team perform lose building.","1970-07-17 12:42:15"
"713","385","714","3","Should test material knowledge ten into population.","1989-11-05 23:18:36"
"714","387","715","9","National character for on worker.","1994-05-05 08:12:55"
"715","149","716","2","Wind seat process baby see.","1995-09-21 19:08:06"
"716","275","717","0","Should increase throw seven.","1975-11-28 06:35:18"
"717","151","718","6","Beyond computer image walk night do thing.","2017-06-22 14:23:59"
"718","370","719","7","Easy own there professional.","1990-10-12 14:59:48"
"719","41","720","3","Decide prevent forward language everyone professional now.","2015-04-15 06:06:08"
"720","56","721","9","Make return rate compare political move.","2017-04-08 09:14:32"
"721","226","722","5","Will rest conference ability region term hundred.","1999-03-16 05:27:53"
"722","253","723","3","Minute model little land.","1998-04-24 15:09:41"
"723","309","724","2","Cell product return remain base dream.","2020-06-11 00:09:48"
"724","209","725","0","Few happy use process action player life.","1979-01-20 11:07:30"
"725","32","726","1","Sit serve each force class.","2010-11-15 20:17:34"
"726","225","727","0","Degree arm issue whatever business get.","2017-05-17 11:54:31"
"727","81","728","0","Camera often produce employee meet.","1996-01-10 22:45:18"
"728","438","729","2","Oil care here throw.","1979-04-29 06:31:06"
"729","14","730","9","Entire another house answer create play quite.","2021-11-07 09:05:31"
"730","16","731","8","All food which middle commercial director garden institution.","1983-06-06 11:39:30"
"731","384","732","4","Practice wind fill will seem.","1985-10-24 23:15:31"
"732","338","733","5","Protect analysis leader husband big to.","2000-06-13 21:58:31"
"733","13","734","4","Sport interest money will someone discuss.","1994-03-25 02:23:05"
"734","147","735","1","Activity peace style health pressure unit back.","2001-08-21 21:20:34"
"735","186","736","5","Manage fly goal serious radio imagine.","2007-05-01 16:08:56"
"736","343","737","5","Purpose board leg finally hard relate.","1984-01-25 18:55:11"
"737","200","738","0","Have guess hour bill effect want PM.","1984-02-24 08:53:22"
"738","162","739","1","Turn upon few present.","1973-06-22 10:41:48"
"739","429","740","8","Short factor outside particularly question.","1997-04-10 23:09:17"
"740","98","741","0","Carry edge style research rich notice.","2016-12-02 09:54:18"
"741","14","742","2","Many stay then sometimes.","1974-08-26 17:26:59"
"742","298","743","6","Nice certain ago politics.","1993-10-26 23:14:41"
"743","60","744","6","International first usually.","1990-11-27 12:32:25"
"744","152","745","5","Office action right write shake black.","2013-06-12 10:18:09"
"745","139","746","7","Bank treat rule loss final.","2005-03-29 16:28:05"
"746","488","747","10","Relate reflect tonight point sister.","1982-08-20 12:18:51"
"747","211","748","1","Story small though throughout report assume itself small.","2021-10-16 19:52:19"
"748","356","749","9","Information brother our hear five although information.","2010-06-29 22:02:03"
"749","240","750","9","Else item I his.","2015-09-20 16:38:54"
"750","494","751","0","View less receive movie travel country.","1975-05-11 16:42:47"
"751","143","752","2","Painting many respond stop win.","2018-08-18 06:58:57"
"752","24","753","2","Eye yes common up miss learn movie.","1993-02-20 03:23:46"
"753","102","754","8","See power quickly because.","2011-02-20 09:22:48"
"754","465","755","3","Idea consider work interest.","2001-05-02 00:16:33"
"755","170","756","7","East fire open reach seven.","2013-11-28 06:27:00"
"756","280","757","7","Live build ahead son see standard.","2018-07-09 13:14:03"
"757","134","758","3","Stage all less many human.","2010-03-15 10:03:43"
"758","495","759","8","Bring time eight account west rule.","1989-03-26 04:50:50"
"759","386","760","0","Store beautiful money ready position make.","1989-01-06 02:21:34"
"760","153","761","5","Task ready white writer.","1999-10-26 21:45:55"
"761","217","762","3","Level in sell also mouth.","1990-05-24 15:22:28"
"762","159","763","9","Green today identify develop address.","1971-06-05 14:38:35"
"763","63","764","1","Pm rate part.","2000-02-11 00:09:05"
"764","394","765","8","Join treatment contain five threat.","1984-09-06 11:01:41"
"765","92","766","7","Floor however church.","2014-04-13 08:32:46"
"766","219","767","7","Country dream citizen north.","1997-05-10 17:56:05"
"767","246","768","6","Nothing clear start much lot own.","1977-07-17 13:12:23"
"768","295","769","10","Difficult into care team month five smile agreement.","1980-12-10 02:50:48"
"769","497","770","5","Threat price toward also billion generation character.","1987-01-07 18:19:42"
"770","469","771","1","Stay need administration gun interview ground.","1984-08-28 10:06:05"
"771","355","772","10","Energy until happy ok suggest during.","1972-08-12 06:39:23"
"772","141","773","3","Run research suddenly really road step.","1976-05-07 16:33:27"
"773","451","774","8","City major become media ahead example throw.","1992-10-28 11:45:01"
"774","495","775","8","Less amount government air action anything team.","1977-09-30 21:47:09"
"775","231","776","7","Because only seek speech ground past.","2017-06-13 19:19:54"
"776","434","777","1","Company east include poor only.","2019-03-04 03:52:19"
"777","264","778","7","Tend so special part few do risk.","1982-12-10 18:16:28"
"778","143","779","3","And have his card.","2019-05-06 15:31:40"
"779","422","780","5","Especially cell art smile wall control difference.","1985-01-17 08:41:46"
"780","263","781","7","Group design method buy.","2010-12-09 14:24:14"
"781","480","782","8","Red natural then him reveal practice.","2002-06-18 07:14:59"
"782","462","783","5","Wrong trouble give certain a.","1990-11-16 14:41:00"
"783","152","784","0","Improve ability specific conference.","2009-01-12 17:25:36"
"784","90","785","8","Color traditional meet like sometimes total.","1993-05-24 06:00:38"
"785","175","786","1","Out sometimes old think stand magazine economy.","1985-02-21 22:22:46"
"786","63","787","1","College old fall a.","1990-01-17 20:17:26"
"787","87","788","1","Another hospital player least.","1980-02-27 22:52:52"
"788","182","789","0","Nor prepare computer off along.","1993-01-05 14:00:58"
"789","237","790","4","Common health thousand reality.","1979-10-18 09:34:40"
"790","54","791","4","Kid information recognize.","1979-03-22 10:34:40"
"791","430","792","10","Here throughout air maybe.","2001-06-18 22:38:17"
"792","484","793","3","Animal structure control price media improve.","2016-07-30 06:06:50"
"793","248","794","2","Community policy their.","2017-03-02 20:18:08"
"794","217","795","3","Argue each himself summer.","1988-12-09 06:51:50"
"795","208","796","1","Beat feeling on white.","2014-05-06 15:19:56"
"796","435","797","4","Father direction into give.","2005-01-26 01:03:53"
"797","3","798","10","Force away culture.","2001-11-29 23:39:08"
"798","465","799","1","Agreement hundred land different special rather.","1977-04-22 17:42:36"
"799","55","800","8","Purpose point son say trip type.","2010-04-27 00:11:05"
"800","89","801","7","Here plan score bag factor thank.","1980-07-13 07:25:20"
"801","484","802","3","Thousand work rich officer.","1974-02-08 20:23:13"
"802","198","803","1","Teacher in available safe.","2011-02-06 03:50:18"
"803","205","804","4","Garden message author agency.","1989-04-10 15:15:45"
"804","31","805","0","Reality value area single site itself.","2005-05-26 08:34:15"
"805","241","806","5","Away reason side.","1992-09-05 00:09:20"
"806","97","807","2","Outside outside article.","1978-11-20 12:42:50"
"807","381","808","8","Run two again thought.","2000-09-03 03:36:08"
"808","184","809","3","Gun reduce theory foreign phone issue.","1984-06-06 07:40:38"
"809","30","810","8","Summer four thus when.","1989-05-10 02:01:09"
"810","127","811","7","Data couple sea hour.","2008-09-09 11:37:06"
"811","451","812","1","Rather single ability hundred late.","2014-07-20 12:06:23"
"812","407","813","3","Hotel individual want a item artist.","1998-10-09 23:11:36"
"813","496","814","1","Explain much scientist hard small despite learn step.","1993-11-19 07:21:34"
"814","137","815","1","Tend throw rise rich.","1992-10-30 18:42:58"
"815","413","816","9","Series American type.","2007-08-29 05:36:25"
"816","499","817","7","Light arrive on authority.","1989-01-28 13:46:55"
"817","479","818","0","Value through reveal home product probably action.","2019-03-13 07:54:48"
"818","297","819","9","Remain daughter similar four.","2011-02-18 05:55:12"
"819","429","820","1","Appear admit threat ok turn first strong student.","1971-11-12 13:36:47"
"820","220","821","3","When bill series stuff.","1982-03-22 18:39:05"
"821","400","822","8","Behavior contain difference media notice.","2009-05-10 10:37:35"
"822","208","823","6","Everything when general prevent play.","1991-10-13 17:17:09"
"823","423","824","7","Give foot face light.","2018-11-16 20:49:14"
"824","436","825","0","Thought ground service teacher light step.","1981-02-21 12:55:40"
"825","175","826","9","Dark generation before process.","1989-03-08 09:52:49"
"826","169","827","5","Idea particularly military dream.","1990-08-23 05:12:03"
"827","107","828","4","Hair force appear large.","2021-09-23 01:51:01"
"828","5","829","5","Sit total notice machine tough culture modern.","1996-06-07 16:18:22"
"829","410","830","5","Bill fund try statement charge.","1981-07-24 04:49:29"
"830","365","831","6","Toward reflect impact nature successful nature ahead answer.","1977-01-30 05:00:33"
"831","71","832","6","Big parent government newspaper.","2016-03-03 15:37:14"
"832","14","833","5","Pm power career yourself many next wish.","2016-08-21 22:45:01"
"833","48","834","5","Care bad across attack federal better our.","1994-07-15 05:11:50"
"834","475","835","10","Admit bring management help.","1985-10-04 03:49:54"
"835","132","836","7","Deep individual continue through with them.","2020-06-10 21:03:09"
"836","122","837","10","Role of no address several pass his.","2003-03-06 04:58:06"
"837","358","838","6","Themselves store within seem report.","1997-08-25 03:34:49"
"838","106","839","4","Pretty big father employee ready heart.","2000-12-30 22:21:43"
"839","283","840","10","Enter social where heart address throw cell.","2014-12-31 08:04:38"
"840","45","841","4","Marriage former reduce final whose population federal.","2005-09-12 17:00:06"
"841","161","842","1","Finish over their also court purpose consumer.","2008-03-22 18:32:33"
"842","452","843","1","Meeting front home see mention.","1987-10-27 20:55:56"
"843","378","844","5","Believe difficult similar cut staff store wonder sing.","2003-02-15 15:49:20"
"844","212","845","10","Treatment animal cause far set.","1996-02-07 08:03:50"
"845","393","846","0","Street mother travel smile and stay law.","1982-01-12 01:03:05"
"846","55","847","7","Fine third age cultural describe total customer.","1988-04-16 05:54:08"
"847","246","848","0","Technology fill third wear.","2021-10-23 06:42:12"
"848","291","849","9","Unit seem society suddenly how.","1982-09-20 10:14:12"
"849","383","850","3","Area common upon leg culture.","2018-04-30 16:51:31"
"850","191","851","0","Back product apply international.","1999-01-20 14:04:09"
"851","170","852","2","Part history less blue kitchen social.","1984-03-01 22:43:06"
"852","455","853","5","Station person yet heavy agent guess live.","2008-09-29 10:04:09"
"853","34","854","1","Machine now if whom happy view.","2003-10-05 13:14:09"
"854","128","855","0","Say data newspaper.","2001-08-20 06:10:49"
"855","382","856","5","Wait cover item them.","1978-11-09 15:54:30"
"856","443","857","8","Rest other paper every.","1993-11-13 17:16:57"
"857","14","858","7","Grow customer song surface lawyer cause.","1989-11-11 04:47:25"
"858","232","859","8","Order apply street camera who doctor.","2011-05-13 04:10:53"
"859","75","860","3","House gun enter computer hot full.","1976-08-02 17:34:44"
"860","337","861","4","Enter myself within set wait.","2009-10-05 08:07:01"
"861","98","862","10","Significant others attack spring where campaign live everybody.","1988-04-26 19:38:46"
"862","157","863","9","Statement easy a wonder senior first.","2002-09-26 12:46:04"
"863","386","864","4","Fear weight approach field away value.","2014-05-20 09:26:44"
"864","402","865","3","Might exactly off generation trip speech.","2020-07-29 17:27:25"
"865","248","866","4","Fire fact will address before choose policy.","1992-04-01 16:28:19"
"866","390","867","10","Production program candidate us enough.","1984-03-08 20:37:09"
"867","446","868","3","Fact decade win sense where.","2012-04-13 11:35:55"
"868","166","869","4","Pull others put bit accept attack make bring.","2002-02-03 06:40:52"
"869","134","870","1","Speech thus government project whose life already.","1985-07-04 14:32:54"
"870","156","871","2","Do herself girl beat story.","2021-07-11 19:02:28"
"871","114","872","10","Pm life head laugh political.","1989-10-31 20:45:27"
"872","437","873","6","Budget trouble police eight.","1977-09-25 22:40:16"
"873","385","874","8","Range inside defense enter skin.","1979-11-22 11:42:47"
"874","375","875","0","Support less star interview street finish enter beyond.","1975-09-30 09:28:39"
"875","145","876","5","Accept read walk cold.","1981-07-21 10:49:50"
"876","406","877","0","Exist window arrive positive people.","2012-02-08 20:04:09"
"877","174","878","9","Necessary heart put employee suggest.","2003-06-23 13:15:00"
"878","339","879","2","Bring behavior check see score beautiful body.","1987-07-22 17:47:25"
"879","104","880","3","Hair direction detail record state receive already do.","2009-01-04 23:03:04"
"880","242","881","9","Action board look off card officer including.","2007-06-09 01:20:41"
"881","234","882","6","Day certainly door memory individual.","2006-09-25 11:40:56"
"882","12","883","9","World last early kind say operation.","1994-11-26 02:39:49"
"883","227","884","6","Identify condition keep purpose.","1970-10-11 20:33:38"
"884","104","885","8","Democrat pass west interesting.","2021-05-24 12:40:58"
"885","424","886","5","Major pull perhaps way key.","2009-11-02 21:23:51"
"886","364","887","1","Itself about scene.","2008-04-26 03:34:45"
"887","153","888","2","Require particularly step of fill pull bring.","1991-02-14 11:17:04"
"888","416","889","7","That down cultural pattern.","1999-09-09 05:28:36"
"889","32","890","4","Still he bar various good.","1982-05-12 16:56:07"
"890","383","891","0","Degree mother factor report hotel short magazine.","2007-07-04 20:36:21"
"891","108","892","4","Enough main rule myself follow economic.","1973-09-17 22:55:20"
"892","115","893","9","Short economic society.","2010-11-03 00:58:05"
"893","209","894","6","Mr single often I.","1971-08-04 02:04:02"
"894","137","895","10","Win call create people.","2002-05-29 16:44:03"
"895","287","896","5","Kind various knowledge sometimes enter glass.","1986-05-24 06:00:10"
"896","65","897","10","What safe message kid.","1970-10-20 12:48:16"
"897","328","898","5","Whole this subject news approach ground month.","1975-02-22 23:22:25"
"898","465","899","7","Daughter yourself film peace yeah animal land.","1977-12-02 14:46:13"
"899","384","900","3","Local beyond high charge focus role.","1976-10-07 09:59:21"
"900","343","901","2","Member skin deal art clearly happen.","1988-02-26 06:42:23"
"901","263","902","1","Guy front major discover.","2006-06-22 15:54:10"
"902","336","903","2","Consider yet kitchen challenge each while analysis.","2018-08-03 23:26:38"
"903","364","904","7","Cold along trade fill.","2002-03-02 11:19:31"
"904","468","905","10","Natural too girl.","2000-07-10 07:04:05"
"905","381","906","0","Join before alone Mrs.","1971-06-06 03:22:46"
"906","226","907","5","Style investment relate deal personal heavy artist image.","1995-08-29 20:22:30"
"907","349","908","0","Board while affect computer federal.","2019-11-28 19:34:32"
"908","99","909","6","Hear board main wonder situation fast with.","1990-12-17 12:20:47"
"909","145","910","2","Pass or technology different central role.","1977-05-04 10:24:28"
"910","279","911","1","Paper city dream.","2002-05-20 03:36:20"
"911","56","912","0","Cold score brother street.","2020-03-11 12:20:33"
"912","317","913","6","When drive stop country step.","1982-09-17 16:01:44"
"913","87","914","10","Serious authority accept billion radio.","2015-09-25 02:17:51"
"914","241","915","4","Attention four yeah cup.","1975-10-21 09:34:08"
"915","199","916","7","Entire decision start attorney democratic.","1986-11-09 19:51:01"
"916","223","917","6","Trade perhaps officer although company peace smile stuff.","2015-01-26 23:16:12"
"917","306","918","7","Us science owner wrong allow.","1990-06-02 21:23:32"
"918","63","919","2","Message home customer item own dream material.","1993-07-07 01:37:21"
"919","57","920","4","Something concern choice us.","2005-04-06 15:19:03"
"920","239","921","7","Cultural action they.","1990-10-08 00:57:09"
"921","198","922","6","Hold call through.","1994-06-05 15:17:56"
"922","115","923","5","Price film down generation recently national experience early.","1988-11-26 19:15:36"
"923","303","924","6","Same part opportunity public win me at.","2017-06-22 03:20:48"
"924","337","925","4","Community heart help sign.","1973-11-01 20:12:39"
"925","291","926","2","Six loss under thought.","2012-07-11 17:17:21"
"926","452","927","6","Fine into western head what risk wide.","1976-03-26 20:14:20"
"927","123","928","3","Relationship option movement bill green peace.","2014-03-01 16:25:33"
"928","190","929","8","Local fine election station teacher floor.","2002-12-21 11:48:06"
"929","309","930","7","Thank strong space responsibility pretty every sister.","1988-09-02 06:37:06"
"930","45","931","6","Range time method.","2000-11-26 07:02:19"
"931","239","932","3","Always ready marriage live.","1983-11-23 15:25:31"
"932","169","933","8","Run image keep benefit.","1970-10-30 13:23:20"
"933","401","934","10","News blue attack.","1988-09-03 20:24:24"
"934","229","935","8","Data star sing.","2014-10-17 07:19:08"
"935","62","936","6","Increase law plant full enter body.","1990-07-10 15:24:04"
"936","449","937","9","Strong teacher scientist talk use PM recent.","1978-11-17 15:18:55"
"937","194","938","1","Enough their environmental many center.","1983-08-04 14:25:57"
"938","206","939","0","Seven character third science forget including.","2014-09-30 12:40:20"
"939","390","940","1","Artist building talk on area back.","1986-09-07 07:27:00"
"940","392","941","2","Job story his worry.","2021-07-31 17:30:55"
"941","371","942","1","Happy where actually offer late response.","1986-11-07 15:01:18"
"942","393","943","4","Gas old word less science she.","1986-07-30 23:30:50"
"943","388","944","4","Writer difference project.","2018-03-22 18:08:39"
"944","215","945","9","Consumer stand street chair.","2008-02-09 19:25:48"
"945","128","946","6","Newspaper activity great scene west soon next.","2008-07-17 15:02:11"
"946","240","947","6","Work whether change fall.","2006-08-10 18:44:26"
"947","303","948","5","Support official job threat check land result under.","2000-01-13 20:38:44"
"948","298","949","2","Character point baby success pattern government.","2003-08-04 15:18:08"
"949","286","950","8","Partner spend upon my.","1987-03-22 04:40:16"
"950","234","951","7","Involve company quite oil take region.","2015-12-09 07:01:24"
"951","427","952","1","Chair learn song our interview radio.","2003-05-25 23:08:38"
"952","232","953","9","Class give now.","2002-12-12 00:33:33"
"953","155","954","1","Respond word policy.","1988-02-19 15:57:34"
"954","298","955","10","Maybe your wish fight already artist.","2000-04-05 09:05:59"
"955","186","956","4","First fine away old school.","2013-08-15 10:01:19"
"956","405","957","2","Go represent south day easy movie big.","1981-04-30 21:54:08"
"957","365","958","6","Officer son fine it to too TV final.","2001-04-05 01:01:12"
"958","479","959","2","Car would peace mention blood sing.","1999-12-27 11:38:23"
"959","385","960","6","Deal dark century season.","2019-03-15 22:47:51"
"960","277","961","0","It within general garden.","2010-10-20 15:31:58"
"961","341","962","2","Southern development myself.","2015-05-27 08:07:23"
"962","279","963","10","Operation when dinner spend.","1985-04-24 03:39:24"
"963","117","964","9","Sport dinner Republican event.","2021-04-19 21:18:50"
"964","147","965","7","Shoulder debate approach campaign break improve clear.","1981-10-24 11:58:32"
"965","117","966","7","Six than land wonder mean board technology.","2015-06-16 20:13:22"
"966","326","967","5","Occur yes doctor adult yard authority represent these.","1972-12-03 05:05:06"
"967","367","968","9","Political type show college respond traditional new despite.","1975-07-11 15:30:50"
"968","384","969","9","Throw economic standard morning recognize.","1980-04-12 00:28:54"
"969","112","970","9","Act deal business example these but.","2017-02-09 05:37:29"
"970","335","971","9","Tree house do hot success.","1980-03-10 00:19:35"
"971","31","972","1","Election itself indeed reflect.","1993-04-18 20:58:28"
"972","428","973","1","Use performance prevent throw become.","2011-09-16 15:46:33"
"973","116","974","7","Quality experience note nor west civil.","2021-02-12 02:04:21"
"974","487","975","9","Identify idea direction class message.","1975-10-03 01:29:55"
"975","217","976","5","Commercial age all as still treat capital.","2009-07-21 02:54:22"
"976","29","977","10","Next painting always say pick of believe.","1993-02-19 14:54:05"
"977","275","978","1","First natural analysis all can treat foreign move.","2016-05-05 17:21:09"
"978","409","979","8","Pattern do player build.","1970-11-13 18:46:24"
"979","463","980","1","Generation her trip safe most.","2020-11-24 04:51:12"
"980","27","981","1","Never difference herself television.","2015-02-24 21:22:54"
"981","145","982","1","Place together newspaper more natural assume push.","2007-10-16 18:37:19"
"982","196","983","8","Sing nearly skill thus which effect.","1988-05-18 16:44:11"
"983","405","984","2","In throw share explain thus keep sell.","1983-03-06 00:46:09"
"984","224","985","3","Occur us marriage win.","1984-06-10 04:53:22"
"985","468","986","9","Important practice cup his compare successful where attention.","1978-06-30 23:02:54"
"986","25","987","8","Real leg truth analysis assume civil mention can.","1980-12-16 03:33:47"
"987","56","988","2","Mouth compare fall player factor.","2002-02-08 09:15:25"
"988","351","989","6","By dog begin half out either item.","1989-11-19 16:25:20"
"989","419","990","7","Feeling everything people very way guy situation.","2013-02-13 09:24:49"
"990","397","991","7","Glass time find spend also tend last effort.","1991-08-12 10:52:37"
"991","56","992","4","Cause music cost build.","2002-05-10 15:04:57"
"992","428","993","8","Represent involve glass particular.","1992-02-08 17:56:16"
"993","173","994","10","Good admit clearly wait million image.","1991-03-12 10:55:27"
"994","119","995","0","Mean soldier as late car statement me.","1976-09-27 15:44:52"
"995","279","996","2","Nearly election difficult plant foot will.","2002-01-29 18:14:53"
"996","243","997","5","Reach eight police area public international learn important.","1995-11-23 22:46:01"
"997","148","998","10","Lose party enough possible get hear.","1996-11-01 16:34:02"
"998","400","999","9","Property million service yes fish.","1998-12-07 00:29:31"
"999","333","1000","0","Popular bank report someone class turn check woman.","2020-01-04 18:13:04"
