"0","tamaramorrison@hotmail.com","pbkdf2:sha256:150000$QkHZ9jPb$7a07bad2aee247a43a97c78b97207fa09a95042160b6566a583df409aee6b17c","Gary","Cross","0"
"1","martha10@hotmail.com","pbkdf2:sha256:150000$5gp60bAZ$0712916f7ad5ff403e44ba0a299586fb9873f6dffdb9fa1aef544c3bb23007fe","Denise","Thornton","0"
"2","deborah64@gmail.com","pbkdf2:sha256:150000$37JAgwRZ$e26ee7686b9d309dca6866dbb7a7e5e5542e92d53433d43beec845f836937fc0","Jeanne","Green","0"
"3","franklinjames@yahoo.com","pbkdf2:sha256:150000$A0AhLmFI$b6b915c3cdac768d3343f1c9163a82d99d0ba36ac1ac0b822cb3c67f128b96d9","John","Hoffman","0"
"4","samanthasims@yahoo.com","pbkdf2:sha256:150000$KEr1p1D7$45934a0ecdc699fa1c986dfa6bde3bb9129d53572e0efbe53b6bb5da5aafd889","Timothy","Parker","0"
"5","taguilar@hotmail.com","pbkdf2:sha256:150000$DmAhadF9$4810196f1e0da843aba4e0d41b3856fb99bc5ce9045bf72d4018b992c39f391b","Linda","Freeman","0"
"6","georgedavid@yahoo.com","pbkdf2:sha256:150000$KYPuaKQP$9c56bf942a749f28cc33979723c75b0bafd28a4f69be6ff0f082bbba68f60815","Sandra","Brown","0"
"7","chad50@yahoo.com","pbkdf2:sha256:150000$F3rYXDFW$9ada21f629342d2e9a9a18a9d104d82c8257de3382949eb05bea7836d0bbd322","Paula","Wilkerson","0"
"8","jyang@hotmail.com","pbkdf2:sha256:150000$wgWKRC9X$8580e75550266ae84e9e3e5a571ba44d3ce51898545bfa2f7e475585d6a80e9f","Willie","Garcia","0"
"9","bramirez@gmail.com","pbkdf2:sha256:150000$5ujIsc6K$dd9f6d32dd90d9fac7ffed9662e0188b9f5691352e3bbdf2e560c9108988a7c1","Michael","Montgomery","0"
"10","kellypeter@gmail.com","pbkdf2:sha256:150000$TUif9nfH$1a35aadfbe3fa0b60f0fdd5aef5535c64bf86cfa943fc91f4e512aa3532ed47e","Melissa","James","0"
"11","tarasanders@gmail.com","pbkdf2:sha256:150000$pLTlunZy$2f04e25e028f2e6a874e9dbf9673319259c5bc40a01dae421f4ceaa42c9d8952","Lisa","Bush","0"
"12","virginia18@yahoo.com","pbkdf2:sha256:150000$tKlaVYmo$046e1006b5c44114089cf68c33aa675af4c1ec813fc7520bdd6df84959b91539","Bruce","Miller","0"
"13","jensenanthony@hotmail.com","pbkdf2:sha256:150000$ItxifxhN$fe597d5a983f9058817a935b66a71df0c1155c0e06279a11506b7ccd4da7bf81","Mark","Burnett","0"
"14","kmalone@gmail.com","pbkdf2:sha256:150000$TA0Cnec6$3d808146e52c14316092ba0427a1bfbb4132f4c7e6fdda030abd10e62aa42765","Courtney","Valdez","0"
"15","kingerin@hotmail.com","pbkdf2:sha256:150000$egodSecz$917e2865cf8237a1460c240b607aa8b799e4979e3b688307969e27b1fabf42ea","Henry","Moss","0"
"16","meganbrady@gmail.com","pbkdf2:sha256:150000$YWk5yweZ$cbbfb76595cfc0f4ea5c002f5cdbb57e2ea5d0a2f86722f4190ca9d56aaba5e5","Amy","Fowler","0"
"17","kgomez@gmail.com","pbkdf2:sha256:150000$mW5CwCR8$fd9b4eb92a9ed1cc8c2143c4afe479ee7ee0e87f1b0d40043a76fcdc7e48941e","Tammy","Reilly","0"
"18","thomaspeters@hotmail.com","pbkdf2:sha256:150000$v74Kgd1P$453054148d1dc01d36604ddb36b0d6f6f8c6fdb933339f49c8ae30e585b66008","Robin","Harris","0"
"19","susan06@yahoo.com","pbkdf2:sha256:150000$GYgeifMC$1da238a13191bf26c22a4ab81f68fe4e228d80afa352d1013a7a9f341d7a85c3","Jared","Vaughn","0"
"20","william86@gmail.com","pbkdf2:sha256:150000$PdqQX90W$095c96bbcc2767c4af7a341e9a34ebabb3bb8f00b82f8ccde57e56e08342e611","Lauren","Mcdaniel","0"
"21","michaelanderson@hotmail.com","pbkdf2:sha256:150000$B0r9fOji$719ca3b27ed7935288de06f9e7c3d1a4dddcf06f2ee8c3d74beaaf54d14dc449","Brian","Richardson","0"
"22","deleonwilliam@gmail.com","pbkdf2:sha256:150000$d5aZ3dvD$c233e54407bc8f9e41380e6ced4b43f346ad000ddd5e67df83e6452ddbc1d55e","Maria","Harris","0"
"23","joshua07@yahoo.com","pbkdf2:sha256:150000$typVhQyg$cac88e56337c407972e8d007d464c40cc3d1d7c48cc7934ad5b566f7f9ecb204","Heather","Davis","0"
"24","leonardsutton@gmail.com","pbkdf2:sha256:150000$Dc2fyKgR$ef7c97def8c784fa2341440742a21e445f9d406131db146625083497366e2463","Patrick","Spears","0"
"25","hromero@hotmail.com","pbkdf2:sha256:150000$j7rOulhH$4badb9b826fd837a392f8c4af2b9dcff4b43fd33a6aa51f7b2d0e71db08818f2","Debra","Aguilar","0"
"26","angela30@gmail.com","pbkdf2:sha256:150000$udTetvFJ$64620dae4c8251e41bf33dc20fd379d9c16a8dc254d744076cce051ae532b9e2","Cody","Crawford","0"
"27","ygraham@hotmail.com","pbkdf2:sha256:150000$qsHhyaL3$ffe9949e9fadb79c63e55a822bc2881046a8fa5569bc674bd1a463e762e901f1","Cynthia","Faulkner","0"
"28","millerlori@yahoo.com","pbkdf2:sha256:150000$GSbwGvXn$e1a3924e1460398e0160ce12e6ae91e722125d40dbf5903c86c675e95b61c10a","Kelly","Casey","0"
"29","pmartinez@yahoo.com","pbkdf2:sha256:150000$1hujWiL0$1f1fea088f0773d8b33460d04d6ca91f0f7de0dd1724236782cb87c6e74f7328","Thomas","Patel","0"
"30","stafforderic@gmail.com","pbkdf2:sha256:150000$P7WpsOlF$c74faa8543451a5d7584105ce33f7825abe09b19058d53b065421abc6dea5dd1","Johnny","Martinez","0"
"31","smithsabrina@gmail.com","pbkdf2:sha256:150000$AkgVTBYn$348ec41155e1976aa212cbcc4e4825ee9111056a11105f46948a08587443d766","David","Turner","0"
"32","rmiranda@hotmail.com","pbkdf2:sha256:150000$9LGEwppn$7fcd0053036623100c61297a4baa157397d0a231f236818156613f11edde4e37","Evelyn","Hendricks","0"
"33","millersamuel@yahoo.com","pbkdf2:sha256:150000$iiqNqcWH$6a2842281b5882c611876bbcbc933dec0faddf0e77968fcf712f261b1b5fbe73","Paula","Walter","0"
"34","cherylstewart@yahoo.com","pbkdf2:sha256:150000$mZo1vbTT$777ecd6958b0c52584de41266d53ea1cbacb8e97d905eb87aafff950ff354110","Derrick","Webb","0"
"35","santanajimmy@gmail.com","pbkdf2:sha256:150000$38edUjxI$94c6b53a4197a51e662b2a21cee876020f67ae21ba0d150eabb7f667afb367ff","Patrick","Graves","0"
"36","stephenbeck@yahoo.com","pbkdf2:sha256:150000$uKmqBZwb$d928304e5efb15db05246e9c2d6db371115127d02b5c8ea785612b750b4957e2","Leah","Bell","0"
"37","palmercassandra@hotmail.com","pbkdf2:sha256:150000$4eLLeuuU$356f2f9798a5e0598e97b6905f06aaa9fd5a09bc72ea97544050b9210e88173f","Dalton","Fritz","0"
"38","alisongreer@yahoo.com","pbkdf2:sha256:150000$NYt1jQDP$0784ae161d446e34c7695cdb3f814d2c14e3f75217ef20a888d18d0bf61e9025","Madeline","Stevenson","0"
"39","jasondavis@hotmail.com","pbkdf2:sha256:150000$2OyEoOCr$410023858242bc28463ac08dfe2866aba411bcb513cf5aef717375c159a52dc4","Valerie","Charles","0"
"40","markchan@gmail.com","pbkdf2:sha256:150000$lPbbXdZX$8a9daa52dee961640281ee204663e6692d1d07635c0403ec0d788c803cc5f2fb","James","Scott","0"
"41","castroallen@gmail.com","pbkdf2:sha256:150000$lcdTGx1d$0e4b78824c1ce32fdda79116fdbccc1190f51bd2220f9c9be6d54a13fdbdceb4","Jennifer","Garcia","0"
"42","caleb01@yahoo.com","pbkdf2:sha256:150000$kC8EOtne$43f75d2a50ed84538b061beb3b8e35bea66716b3c63ed468425954e1b25947ea","Keith","Jones","0"
"43","guerrerothomas@hotmail.com","pbkdf2:sha256:150000$dH85z5R5$5e6625686f732cb374c9bca46dd34dc7de108311a8243876ab12a6751c8b07d6","Lori","Moore","0"
"44","allison58@hotmail.com","pbkdf2:sha256:150000$MMPdRSqJ$1ef87c2e6f82d1e197541b246b49c0b5509644768271b3e7491c733fb55ff4cc","Ariel","Freeman","0"
"45","jeremy24@yahoo.com","pbkdf2:sha256:150000$ZRbhfvYB$5dcc0726cad43b1e21bd1a5a695544443fe0d9a4aec2aaa1d175dbe58badfdb3","Randy","Bernard","0"
"46","johnny46@hotmail.com","pbkdf2:sha256:150000$d875ML7j$4827d523c22258dc659d22f65816dc1ed6945cce24736e7d266866b4389f22c3","Timothy","Kerr","0"
"47","james07@yahoo.com","pbkdf2:sha256:150000$9rikJOXt$466354d95ad57ad8712357688164c34ed6ce462ea37016d750a4f2e57381c8ed","William","Crawford","0"
"48","marquezpaula@hotmail.com","pbkdf2:sha256:150000$2jsBIdDj$514762e1efc8897df15813611f29726926cff968c9cb0f1cc8a0b86b17b69d72","Jonathan","Davis","0"
"49","josephmason@hotmail.com","pbkdf2:sha256:150000$xHqdVhJz$fc7a8f292fa4635972bd9f92d53284c735acb9708140bf811553931923dfa48f","Kathryn","Noble","0"
"50","richard56@yahoo.com","pbkdf2:sha256:150000$yi9jPalD$e47a42b2d3102a7614c6469d8251f7b1a8376d840a103972fe4465b0c8b8e555","Daniel","Cortez","0"
"51","fosterbryan@yahoo.com","pbkdf2:sha256:150000$cW5nWiv3$b76d80c6d742dcebb0154d624d24769ed2d8eb2b3fe2d35f034aac6821ccd527","Kenneth","Boyd","0"
"52","anthonyvincent@yahoo.com","pbkdf2:sha256:150000$Ao6Pom17$871c684bd52a9713892c2ddc79fabb20c5ff3e0bd022a730b6f9350188359565","Renee","Moore","0"
"53","sawyersamuel@yahoo.com","pbkdf2:sha256:150000$kOXM6SoX$00abf1d85f48b2a006c3b223322ea7f47753fb18d707db6839dc641b53faddfc","Alyssa","Farley","0"
"54","gstone@yahoo.com","pbkdf2:sha256:150000$mcWETCHi$d39a90afb3ecd0ece1d4bd65e13c6fc2342a7cac5c1005355273abacaf149f09","Alexis","Williams","0"
"55","kevinflores@gmail.com","pbkdf2:sha256:150000$HzxVm30U$2d24decf4ffd6ebe2b5a0949f33f01dc0a645f35dd91299cb037fd11332f5310","Jasmine","Castro","0"
"56","gordon43@hotmail.com","pbkdf2:sha256:150000$IDr3MagC$5f1772d4d7f29eae57da03b84b50ec43c1153db175f3e47728b1ed4fb0a1f6be","Joseph","Williams","0"
"57","kennethwashington@gmail.com","pbkdf2:sha256:150000$vyPg7oNS$4c4ac9eeb46d208bbe20d6bece993c4fd98ad79bf95bb809134350254a7c8e55","Jennifer","Marsh","0"
"58","hamiltonchristopher@gmail.com","pbkdf2:sha256:150000$ifZaeN2E$022bc8d9ba737c9e48cfa48b129fc27bfab90fde71a133eed21cf6dc2474b1c2","Anne","Michael","0"
"59","nsmith@hotmail.com","pbkdf2:sha256:150000$n5FMEO55$42cf4401018922f4fbab69f04bb95ceaedbbdd0d49de57701458ccefe8908b12","Joshua","Duke","0"
"60","jennaarnold@yahoo.com","pbkdf2:sha256:150000$T5Ut1Wcm$1907e52f3c210a818bd2ae27aadc576346728a5b5c44999fd15787f70ed350b6","Susan","Turner","0"
"61","scottzimmerman@hotmail.com","pbkdf2:sha256:150000$SSqeztOT$5f71d49662b70c393a7da1e9517f05080d58dbcc9585a1a4d19e5cfa6fa01642","Julie","Dominguez","0"
"62","bonnie89@gmail.com","pbkdf2:sha256:150000$nSZ7hTqC$cc612cadd301e8a411e180e9a0ed12e93315880191d653a0d54886dd84b64829","Dwayne","Osborne","0"
"63","cindy30@gmail.com","pbkdf2:sha256:150000$MfPHd06Z$c5cebbb2555a2a2b1eba1ed26954349767446867b3181fb5eca6553db58a67c1","Antonio","Thompson","0"
"64","qhenderson@gmail.com","pbkdf2:sha256:150000$4xj0rOny$6171af3e1ce560336c9dcbe8678d9c09d6f2fde7f959b0e8aaa2fef537349d31","Yolanda","King","0"
"65","nancyturner@hotmail.com","pbkdf2:sha256:150000$wsEsGdCJ$443badfbbd31ea891c82289e609114cc9ebcebafe9d3d7c177064f5ca95912ad","Richard","Woodward","0"
"66","bradley51@hotmail.com","pbkdf2:sha256:150000$pfz4yiPr$05376d2ab3028200ab0dc1d7e47f11d845b2b73f52c5a337ace01e79cc175fd9","Jeremy","Costa","0"
"67","matthewpetersen@hotmail.com","pbkdf2:sha256:150000$UDmYthJo$21b746fe77075aa8d8d0a31338d7908cfd3369c11d7fbb9fa5ee3abfcc19c110","Robert","Dunn","0"
"68","uhill@hotmail.com","pbkdf2:sha256:150000$q7YuyN7f$cfa00aa00278d99f8919b1397fc3b3f7a52ff05dbcff7151ff2c2f02984d9aba","Tonya","Andersen","0"
"69","lisa79@yahoo.com","pbkdf2:sha256:150000$Lb6LHcL6$0c0c16282d3c884a4a507d22dff9c4eda375294f2d8c696bc1b8069de28851cb","Stephen","Bernard","0"
"70","richardsonjerry@yahoo.com","pbkdf2:sha256:150000$9A4adxYA$3fd539fc40cc5d2d2ad2cf2a6ef528490551cfd5698f897fd4383b5d1684dd2e","Amanda","Gonzalez","0"
"71","jmcmahon@gmail.com","pbkdf2:sha256:150000$l1SvTej4$6ce7fdacc1a77594356591fd4b01a1cd330cfaa1f72dfc97e5fe4fea99baf2bd","Jimmy","Walker","0"
"72","wrightkaylee@hotmail.com","pbkdf2:sha256:150000$OO0g7VlC$53e626b8dabe9a9bc1ce407dc766eda0a96425adbef2eef91480686e275f3e1e","Austin","Holland","0"
"73","danielbernard@gmail.com","pbkdf2:sha256:150000$NBm1QgIW$3b69f8e58740563512dadfb2e487fa7ed796cae7b27d94b4ee5e168970a93414","Molly","Fuller","0"
"74","wbrown@gmail.com","pbkdf2:sha256:150000$jeCVXSDb$b78845f110c563b983966e03a690ef82d4d175eb39b40c319f91810637304ce4","Doris","Kaiser","0"
"75","ofernandez@yahoo.com","pbkdf2:sha256:150000$DchZ15aJ$1520ecd74e2c1302ce42def2cd8f5dae237f0fb871eb051fae23c9c0458e7396","Tyler","Curtis","0"
"76","conradthomas@yahoo.com","pbkdf2:sha256:150000$yHjMmiFx$7369d294c2ac44b3cca90f0e237203bbe96bf732361fc4658bd3c969d776a686","Angela","Tucker","0"
"77","savannahsoto@hotmail.com","pbkdf2:sha256:150000$41GHybwv$ab0e15b4284661a71d16939adfca76f8c219352497e3bfc16099c86fa493b5e5","Robert","Gould","0"
"78","debra49@yahoo.com","pbkdf2:sha256:150000$hTB6P8mw$704205d49ddfd8959b74039adafb007bb4fc14bced083f67ca8a52cd181bfbce","Cody","Morris","0"
"79","edward63@gmail.com","pbkdf2:sha256:150000$zjKWu67L$0560f9b450a0764ced7a985e3bd1d58ff138ba5e080cd82c17308e32b517c85d","Valerie","Jacobs","0"
"80","deborah77@gmail.com","pbkdf2:sha256:150000$WpmSCWlN$1079c4b200953ec0ec9742a527ca1786d0cbf36bb1a57221db9630aff5aa7228","Deanna","Holt","0"
"81","opoole@hotmail.com","pbkdf2:sha256:150000$HRPAaMsL$7f1f415fd7ec47330fc7a2311ee611900760bc81fa803d60a8981fe9dfd9632a","Larry","Palmer","0"
"82","dwells@hotmail.com","pbkdf2:sha256:150000$qISX8fVx$9555e41a8b6f89128fb38866f4b97e99a2327a08aecaf2de593f3eef4b80f06f","Kristina","Higgins","0"
"83","qstephenson@hotmail.com","pbkdf2:sha256:150000$qBuiMS90$afffcb1b001478dd99541a5f41b449b8fe32faba427e985af62902b8f7967ee9","Shawn","Matthews","0"
"84","jeffreysmith@gmail.com","pbkdf2:sha256:150000$uaAp8zzh$0b33543800b8ee149d53f821fb4e8a04c1290b743ab07718a88f04634b4a4056","Samantha","Parrish","0"
"85","marydaniel@yahoo.com","pbkdf2:sha256:150000$IXZ0QXMV$dd7b6f33bbc11130849dbfdd356dcc64901edb7c3d59360a5ccde551e0e231fe","Tonya","Jacobs","0"
"86","jerrybrooks@hotmail.com","pbkdf2:sha256:150000$vavr2OfQ$3d6cd29358f087d83e134751fb0a0ac79e7484a37ac30680e93b20befcdbce22","John","Beck","0"
"87","mcbridemary@gmail.com","pbkdf2:sha256:150000$GdPks0mu$2f4394daf13778225be8fcb99723087abe89161f6419f929f4519bd9fb9a87a0","Laurie","Underwood","0"
"88","ycolon@yahoo.com","pbkdf2:sha256:150000$ktgiOzyH$6baa9d0e987df38222d1ad636344aaad15c08055f708117a4b1fdc6321df269d","Linda","Orozco","0"
"89","michael74@yahoo.com","pbkdf2:sha256:150000$2963ftNe$49ebffd04ba567abc76d1ba5a23083af323d8512404f0664396595f2faa5cfbf","Kimberly","Park","0"
"90","dillonwest@yahoo.com","pbkdf2:sha256:150000$3UZIfecD$c917e2fe673472d5b7091b86b4b7e15be0bf68817a379ac960b11c83b601751c","Cynthia","Lyons","0"
"91","sarabender@hotmail.com","pbkdf2:sha256:150000$SiogKJm3$f3ec6275cf50e24001a6c082c4b0420df1a53d1e5ed7bbce3116844a4b0719e8","Daniel","Hall","0"
"92","jeremy83@hotmail.com","pbkdf2:sha256:150000$4hyyHcxX$d5c78907ff96d16fe3a23e4f6f713dc8caa88c423afd1ffb3353867a1be9ddfa","Spencer","Duncan","0"
"93","jonathan73@yahoo.com","pbkdf2:sha256:150000$RcGnFjSs$09f787955476a8554d71be47671e9626594b798ac8189608ef0a51ea91c2244d","Cheryl","Acosta","0"
"94","alexandramitchell@gmail.com","pbkdf2:sha256:150000$W9MPhJ3Z$801f9b331fbe068373d6110b9bfd449394d2d15c0903faeb21bf287f25d275d4","Matthew","DDS","0"
"95","mathew17@hotmail.com","pbkdf2:sha256:150000$cuS8Jw4X$efa465f1d0ca08b2bb29d1d34dd6788fd9598f7ffe4bd8567ebd8a669d0649a8","Angela","Peterson","0"
"96","pgriffin@yahoo.com","pbkdf2:sha256:150000$FNwlrEN4$e7b50321fde3f6ab9059f466b45cb54465da8f5d74e7cba33771832f44ed75be","Adrienne","Friedman","0"
"97","kennethwilliams@gmail.com","pbkdf2:sha256:150000$ZCoO1qID$2d08ecac42c715ee5206cc91bc7d6a0d2882412a2fc5c0184f719d5ad1a79784","Donald","Thompson","0"
"98","shawnharris@gmail.com","pbkdf2:sha256:150000$RKC5V8fS$86bde1624aa85de80760db003974f37de24c7af692813e6f00a2e384f6716a71","Bryan","Scott","0"
"99","danieltucker@hotmail.com","pbkdf2:sha256:150000$SBHv9Zpp$80780a5f36c2c1401a950de93c17127d64f05467d3a40efb9aafdde325ee4296","Jessica","Miller","0"
"100","timosborne@hotmail.com","pbkdf2:sha256:150000$v1gufekc$fcd6ea6a499a7569537e7da2460c8a5ccae00a40a9f3beaa1025da87b55c7110","Samantha","Taylor","0"
"101","brian98@hotmail.com","pbkdf2:sha256:150000$XHNeyp6R$fb2abe6e7117f2ec4d96b535dd6f6cafdab6fc65ee9c1994a6466e62cb4a17f0","Samantha","Washington","0"
"102","williamsmichelle@yahoo.com","pbkdf2:sha256:150000$RF1Hm49W$87433e80863e3f4eca807b0d566e370431d7eb59a5e8cd2d12e2367d19f835b1","Heather","Wright","0"
"103","amber45@gmail.com","pbkdf2:sha256:150000$74IMrDNa$3dd3a91791c51ed3ade9c78b7254d6afaf6762474e35bddec53c73e31f5026cc","Kimberly","Gardner","0"
"104","clarkmichael@hotmail.com","pbkdf2:sha256:150000$RCu5jjRL$086f4d8c157460a4f39c446608b3804891cbb7d8358cc18018efdacbb6a97b09","Kevin","Holloway","0"
"105","clarkcameron@yahoo.com","pbkdf2:sha256:150000$1ZEpEKzi$a05f7bd415e62d55d31c0785d49e95716d755c95d9bebf3e17c5de92443c42a5","Kara","Edwards","0"
"106","shelleybird@hotmail.com","pbkdf2:sha256:150000$QWESMCXk$1a5ad510b0cc7ef55663af6fff37d887a5d3f1dd37767e158b3ac50f0f498243","Scott","Martinez","0"
"107","dickersonvanessa@gmail.com","pbkdf2:sha256:150000$9Q7tsO47$e267c4e74d2bfa7edf921dd1380848d9c7a2550a952c54fc6b7ca050b9036db0","Stephanie","Montgomery","0"
"108","rbuchanan@yahoo.com","pbkdf2:sha256:150000$GpbKYCIT$f93584153bee68fd58af7100466ad918b389ec13795d6194027c0a9b5da56acf","James","Gray","0"
"109","kurtellis@yahoo.com","pbkdf2:sha256:150000$4f2whEHb$02dc63f50a459e1850916a6b735fff73e22b0a7d41c8a86136cea76fe69fa7c7","Andrew","Mcdonald","0"
"110","thomasjames@hotmail.com","pbkdf2:sha256:150000$63DWAXKL$3c8752816fb5b464bdd1878edaa27f8bc31d05ff8105995c899da9716da4ef6a","Chelsea","Potter","0"
"111","vdavis@gmail.com","pbkdf2:sha256:150000$IyFAidq6$41a5a938a2576728d7331e933d4b1d5c4aa8714d6df1637e3a507b07e7d266bb","Vanessa","Wright","0"
"112","toddgonzalez@gmail.com","pbkdf2:sha256:150000$oTBx9bbF$6805b9ed5a6a01f9496761738c48a32127f8da167eb6df87d9884f0da1e9f830","Jeffrey","Robles","0"
"113","jcarter@hotmail.com","pbkdf2:sha256:150000$7Ss59Wgr$bfde76246b53027c8d8936cb08768850b6aa0c92a83d92d06430a620000a510d","William","Delacruz","0"
"114","theresa27@hotmail.com","pbkdf2:sha256:150000$tCYBjdN7$0204d3d2752a29cc1b2d918efa812e8b93c9aaaaf75d392d1f6d4d758850be15","Nathan","Perez","0"
"115","sstanley@hotmail.com","pbkdf2:sha256:150000$wBdLCKAG$76747833dee4549e86c8c9246abb858b4543d40a4d84751cba9dc43172e50532","Krista","Allen","0"
"116","howardgregory@yahoo.com","pbkdf2:sha256:150000$SlyNsQZ3$39acff045f5af0249b88f63de393393f4b1f5dbfffec53f1c18828df36dfe08d","Holly","Jones","0"
"117","kylesutton@hotmail.com","pbkdf2:sha256:150000$7ebPkWkE$4135e42a61b4cf34e4f95e5f3092ea238e48c8995105278f773fb384a266311f","Brandon","Smith","0"
"118","heatherjennings@gmail.com","pbkdf2:sha256:150000$jE6KHAjN$7b7970ec17f92e6cebc4491f8681a026d6f96d965321466fa1d277146eb87812","Michael","Murray","0"
"119","amber59@gmail.com","pbkdf2:sha256:150000$nnqfGAtI$ee5bd8d68a111df5bfe05e0464f0047458e29803c7f9726917c7155ac7779dc2","Janet","Tran","0"
"120","wheelersherry@gmail.com","pbkdf2:sha256:150000$ajvf5KbM$555f655be6c65b9be2573a50f0f00c1b4eb9cd1824f831667db4e8d6f34ff4b9","Dr.","Bailey","0"
"121","torresjoseph@yahoo.com","pbkdf2:sha256:150000$n5u9zsIi$61a5c00995d339b55367bc8eefd8cbd240ff12d972d81c9602ae12acfbcb9833","Mary","Simmons","0"
"122","phicks@yahoo.com","pbkdf2:sha256:150000$mdExjV6B$804ee9f84f6f3676132383782bad2564c9fb87bd8c435447817bca24191d7219","James","Martinez","0"
"123","rwebb@gmail.com","pbkdf2:sha256:150000$EOgo03Oj$94f95f09f1d7aa54d4b833211dbd035219ac743b20b4dff8558b305c6f39ff9c","Patricia","Wright","0"
"124","jaclyn81@hotmail.com","pbkdf2:sha256:150000$rwRylFkY$ed96a5df89020471440a3aedc367e91f1fc9ec23931e38fd40ebaa3a70915a91","Jamie","Harris","0"
"125","fclark@gmail.com","pbkdf2:sha256:150000$6IJyvGKR$5c8ce20461e30905752eb273821e734a72dd10cda93119beed284c6b9a422176","James","Stark","0"
"126","qjoseph@gmail.com","pbkdf2:sha256:150000$6qFyMVvj$725d873861ea860eaf6142812551d1c382be8b146ad761a56374cf279c71f9cf","Barry","Rose","0"
"127","christopher02@gmail.com","pbkdf2:sha256:150000$80ypkfBE$fc1641209d5e1b1aebe5ee6f4b1a45197546290a8d311059cee0cdd53a1327f8","Nathaniel","White","0"
"128","robert93@yahoo.com","pbkdf2:sha256:150000$kBBgJk4s$8ae1626129e443d2da164a8e5c17bc2919e3fc1f1fe8017a00c53b3aad33ec47","Phillip","Vasquez","0"
"129","jmoore@hotmail.com","pbkdf2:sha256:150000$Y0VbPWtw$1d4e336e4682b81dfe29b6af99c9c4af96c42cb5d24fb7e8236edf949b4e54b2","Kenneth","Patrick","0"
"130","sherri51@yahoo.com","pbkdf2:sha256:150000$tSkXYX1k$f9fbdfc745f7054bab9c2cceac9e09bf08211e33c8449daf56aa86f0d7ea98b8","Cassandra","Smith","0"
"131","beckyglenn@yahoo.com","pbkdf2:sha256:150000$T7dMZyHZ$b46b795a67bc3766900229ba34639219c6e5a4059d5c80f0fa8ad1c68132502b","Nathan","Bond","0"
"132","omargarcia@yahoo.com","pbkdf2:sha256:150000$ASkdLYPI$718aed1e2fb801a029dda5473b3cbe6e4ddf077ac2b86f7801590c5dd55d34a3","Courtney","Jones","0"
"133","smithjacqueline@yahoo.com","pbkdf2:sha256:150000$oPOdNbdQ$b61f3f368aafda79131bb7da8756625a0eb15b93810a01315c68ba00d2e636ea","Emily","Miller","0"
"134","pwright@yahoo.com","pbkdf2:sha256:150000$11JmRulk$8e51a7f821b954be3f4a885599bc64a051a09538c3174994ec93862f0af6788f","Brandon","Thomas","0"
"135","julie32@gmail.com","pbkdf2:sha256:150000$0RYghHSH$bc5109f861cbba453ecffe7aecb3a9e984b72717c26d8bc995c820f432d8c12f","Tyler","Howard","0"
"136","moorerichard@gmail.com","pbkdf2:sha256:150000$ByNnuxZt$56b79ea11e75eecde9bf52d1ac277fce81b63a773cb16828115e317b67336961","Shirley","Peterson","0"
"137","qsimpson@yahoo.com","pbkdf2:sha256:150000$BnVyYhP0$4c8c07c425ab2a8cc9f20049a2c72b0022aa995276148d27b67a512cb2f3fe56","Henry","Smith","0"
"138","justinhorn@yahoo.com","pbkdf2:sha256:150000$IowHU6Oz$46261760f740bcd5920370b72244130fcef0423273e85a41594ffdecd5f0214b","Richard","Chan","0"
"139","falexander@yahoo.com","pbkdf2:sha256:150000$q2oqNtTk$ed2fe2bc361c08482fe8df63c5f7042847af533dc519bca674cbf024ebbd240b","Kaitlyn","Jones","0"
"140","hdavis@hotmail.com","pbkdf2:sha256:150000$K3TxbVR1$367315d460a3803fddf25f131e7888b65fd080a1c858c977bd8673af5010d53e","James","Yu","0"
"141","browndawn@yahoo.com","pbkdf2:sha256:150000$rBhAZrO8$aeb5a09993b8924ed03fe93fbab4c22ab704bfa9665f8b6714a3b7cc0e1cf46f","Courtney","Curtis","0"
"142","lwilson@gmail.com","pbkdf2:sha256:150000$IEk0CaKV$8f692831334887e6a8b3307f81ab9717998f00a8b0117dec2686656d4a5d559a","Cheryl","Jones","0"
"143","rachael67@gmail.com","pbkdf2:sha256:150000$cS0IPpeI$3c110a9b88df50ba5ad9a88f623231af9950bf9c79d7daff38c5d11e632d6ad7","Carla","Smith","0"
"144","jamesmcbride@gmail.com","pbkdf2:sha256:150000$hlxVVWhR$01bd88593479c91dc423a2276576401e0050c56b9fd81a083f957f0be20fa7ac","Sarah","Keller","0"
"145","fgraham@hotmail.com","pbkdf2:sha256:150000$ixxZ5KMb$4facb5630ab30b4ed4e0b6f94fb9878bbd2566ea3e759c28e692247e99c392c6","Willie","Owens","0"
"146","ethan15@hotmail.com","pbkdf2:sha256:150000$myC63gkz$505febed6fe51093b77bdf41add73ebeef4f1e852bf20e4bd7220569183a603d","Luke","Romero","0"
"147","harveyrhonda@hotmail.com","pbkdf2:sha256:150000$cAuF1jUD$193aba0960e874e24d493262e2d08f075a39f1285045055484cb84b3255fd244","Jessica","Chang","0"
"148","johnvalencia@yahoo.com","pbkdf2:sha256:150000$igDkKDe1$bb2f11c3f1549afcd1886ac34cb836bedd543912d91b96cd2ae8cc63657c650d","James","Patterson","0"
"149","daniel36@hotmail.com","pbkdf2:sha256:150000$KSx3dHeC$974fa57879970c6d8cb44ab211352a4fd272159a006fbd0dca1ef817f6f30c5d","Jeremy","Johnson","0"
"150","hollandpatricia@hotmail.com","pbkdf2:sha256:150000$yDFW3BUk$55aad21c249241a624730ce1bb8f4d0cde99b78a936de53224482024a8d6b7e3","Cynthia","Kennedy","0"
"151","wrightrobert@hotmail.com","pbkdf2:sha256:150000$kknEBBRa$09f1ecf4e2499a8e9c622f16e4bcb3205e3ca505f8ce9830a38bd616fc1d2c5d","Bobby","Berry","0"
"152","lisawilson@gmail.com","pbkdf2:sha256:150000$oyELeA9d$01d76e86555671177f0e5aa8136404a99d8990ad224731cf0c3433e6a381d147","Logan","Clarke","0"
"153","sandracallahan@yahoo.com","pbkdf2:sha256:150000$L2rgxW0M$bfffe140128ae678faf56cf2f4e23a012c27b076439a598bad77cdc4f6a90aac","Jonathon","Bell","0"
"154","robert10@gmail.com","pbkdf2:sha256:150000$a8nBXaAB$0d70509d72f35b0a744752ce133bbeb0ec8381b10d6501017efabcad66980bba","Frank","Manning","0"
"155","ywang@hotmail.com","pbkdf2:sha256:150000$4F8eYh4r$f44cde5700fabec595baa395a3d4593f248f666229d41729e1741e3bd99e35ee","Mason","Allen","0"
"156","jennifer49@hotmail.com","pbkdf2:sha256:150000$leoq3Pr2$2a7ba984aab5c96a0028a550f90473d40d47017267eadd8ca193804001243047","Beverly","Johns","0"
"157","jessica21@gmail.com","pbkdf2:sha256:150000$IyZt53oD$990099429853e18e50be285961221b4e17c823b457167f1dc6a3eff12ec47267","Dr.","Shepard","0"
"158","williamsnicholas@hotmail.com","pbkdf2:sha256:150000$oCFqjKK1$51db5ba61963e01b7fbedd7a6180949b8159c2598a9ab2ec00a5840a628ed253","Pamela","Estrada","0"
"159","jdavis@hotmail.com","pbkdf2:sha256:150000$kVnTvgef$6fd62b8bf1b15c3f4b0a6f3309fcee83539f7e38e9cb6b96f5fc4cdbe997b838","Abigail","MD","0"
"160","igibson@gmail.com","pbkdf2:sha256:150000$usfbmXWg$ce3f8bc2b0637f88e136fc20cf454a9392bcc9126463fe1eb0ab04c0143f0864","David","Smith","0"
"161","jessica69@yahoo.com","pbkdf2:sha256:150000$LY8pcY1K$6ac3c83d000b6125d874a0ced1dce69c12cfe0f8209158b2afdc924445acf62a","Kevin","Jordan","0"
"162","randy95@hotmail.com","pbkdf2:sha256:150000$r6DUIFWX$732f184d6e6aa1032540fc0501eaa727faf862dce2ad2052dce56f7113bb8029","Yolanda","Thompson","0"
"163","ryan31@yahoo.com","pbkdf2:sha256:150000$1sdo53lA$6e91acefb4156a5f20999f5f49275416239ad6165839c6b840c3875fe15670f3","Joanna","Bauer","0"
"164","aberg@hotmail.com","pbkdf2:sha256:150000$SReeSKeO$988eb9e63128b0766a12b31f63d6485f2cc630b1df5e935268c916784826ba18","Richard","Harmon","0"
"165","edwardsrichard@yahoo.com","pbkdf2:sha256:150000$H9QO1a4x$6ac78cc2524a9b7f37eb872360412431cc022c993e20e3406a8af0202f813091","Michael","Brown","0"
"166","carlsonnicholas@hotmail.com","pbkdf2:sha256:150000$wu6Fl0Es$c97f4aec422631d17f058fdc90f961e63ae341f4c6823df4d451bf6ffd1feb6c","Dean","Bowen","0"
"167","nhanson@yahoo.com","pbkdf2:sha256:150000$4oIbWZPi$4451e1c6c100fdcd7f81bfa1f815580f356089c540768d12619094b2583fb363","Eric","Williamson","0"
"168","marcusmendoza@hotmail.com","pbkdf2:sha256:150000$i26Cl88H$f77bcc362c4d3640af4719ec8cb67d936da4858e996711807bb3244434863617","Tammy","Nelson","0"
"169","brenda29@gmail.com","pbkdf2:sha256:150000$RQ1fT331$ab60f92ca413b0afc7e0781e1a11290581473547bea004a563f590937ac9d467","Kimberly","Bryant","0"
"170","bowmanashley@gmail.com","pbkdf2:sha256:150000$olv4CXJo$c0afb6087da830b5d3cf9d12ff2d3dd8819684f37fbe0d93022d4cc7ddd21e30","Sarah","Garrett","0"
"171","derrick53@yahoo.com","pbkdf2:sha256:150000$oTUoTShI$bb9e33be53f37f8b145598f7d4887704ba3ae6f42cb14cbc27cdb33338094f5b","Kyle","Johnson","0"
"172","jennifer70@gmail.com","pbkdf2:sha256:150000$ldrCAfq4$f784f333a0fde969b3a50338eacc018b131b70f4151aa55b6fc137a51def8343","Amanda","Bryant","0"
"173","boothsandra@yahoo.com","pbkdf2:sha256:150000$DkIlF0dx$f8fce01ea03b8ff47d4c93ea715c55eea4d79f6fc0a35c7c5e1c2a360cc9e089","Amy","Diaz","0"
"174","fcarey@gmail.com","pbkdf2:sha256:150000$gnxQ1hMg$389cc04482c7952951865d087fd07c4a047d6e7b8d290a6e2b4cd6fb1d3d3628","James","Alexander","0"
"175","lisaburch@hotmail.com","pbkdf2:sha256:150000$u3qa2ZUD$88904f070beaebb6bbf8c05a52cec21632075845cb98c01781eea51dd87d5aa0","Misty","Dean","0"
"176","garyfowler@gmail.com","pbkdf2:sha256:150000$YeEFsOQK$5d706fc4d6257b81ba4794b8a512d830fd353017cbdcbb3638dbf19f6eddfd0f","Daniel","Weaver","0"
"177","pruiz@yahoo.com","pbkdf2:sha256:150000$rLh7OC9K$6b00fdf3778adea604a7d2104708bb645a1c1205d6422c35f185e0f8ed2f1042","George","Ferrell","0"
"178","elizabethpage@gmail.com","pbkdf2:sha256:150000$ApeDRQHc$d01eda8f180182177fc38b5766a46126594425921972b93f7ccd59d5f1c331fa","James","Wilson","0"
"179","debrakemp@hotmail.com","pbkdf2:sha256:150000$dXDVOHCA$8cbe09f2a12cb08465c8d12f7dfc4ca4e7430fc5e6bcaf149826658e3b853dfd","Diana","Silva","0"
"180","ysims@gmail.com","pbkdf2:sha256:150000$S8pXxhNw$1bf9146675aefd30c54771e62a76fb8e11e4bef98e0e46eb146b7feea09c76ab","Samantha","Garcia","0"
"181","larsenamanda@gmail.com","pbkdf2:sha256:150000$Q86owZCn$cb32c919991ac2141a9a9e4bca1c41be4b80787e7dc130b48bc49abfd998817d","Brenda","Carrillo","0"
"182","michaelkemp@hotmail.com","pbkdf2:sha256:150000$ekJjIesu$74e92b8b8bae9efdb16c74c921c6e3ae711bc07395f7f3e12f268eb945e1effe","Jessica","Trevino","0"
"183","williamsnicholas@gmail.com","pbkdf2:sha256:150000$4HYeNfZG$e601f8107980b197dc00c8ce5bbd6bcc8d65e92485fbd678e77f375175cdf243","Robin","Fletcher","0"
"184","jasmine05@yahoo.com","pbkdf2:sha256:150000$LU8m0ESA$b7638b32b4fe2d8dca03afe2eeae46821bbba18f863a251070f9bd8d3c2ee55f","Phyllis","Yu","0"
"185","stephanie10@yahoo.com","pbkdf2:sha256:150000$C8joAtQ9$b06edf1d2e22c8e9eee131b794e75c39f0ee16d5b84fe75dc8d32d8a182281dd","Alicia","Robinson","0"
"186","ptaylor@gmail.com","pbkdf2:sha256:150000$fHt1LPyW$c164bd36367bd532d11a7855aa2ea29fd7b4f8290e813dc482fcc49eba8bbb00","Rachael","Marsh","0"
"187","kimberly74@gmail.com","pbkdf2:sha256:150000$3n8PWeJW$19ab786bbc64f4f609a80e189bcbbb4d5f197ca18a622b63825e44ee320d499b","Jason","Schwartz","0"
"188","bradmurphy@hotmail.com","pbkdf2:sha256:150000$hnTy4Uoq$5dbd0f30ec4abb30100ae0e3057ca69c656db2b2067de252eb74504644b87f63","Robert","Knight","0"
"189","ericmontgomery@hotmail.com","pbkdf2:sha256:150000$5aLXRCxM$7f86308340bcc01b9e65696402a36fbc15b158ec359f3fa27851d461248c7299","Jennifer","Patton","0"
"190","danielpowers@gmail.com","pbkdf2:sha256:150000$uJy0hjsD$250f8794b6163fce5259f5742fe98dae2f0cc0d72d4f5077efa44a78a68bbdb1","David","Combs","0"
"191","julie89@hotmail.com","pbkdf2:sha256:150000$zboxRGsg$0a8a58a165b623a2909f5dd4df91be00c83b8d746a4576039c8f3ca9ee12024d","Sabrina","Lawrence","0"
"192","lori98@yahoo.com","pbkdf2:sha256:150000$sbmuVV9C$d46152636d02ebdd41bf37c522182a6998b5fced9988ff6af6376f9bbc7c05d8","Nicholas","Thomas","0"
"193","bradleyward@hotmail.com","pbkdf2:sha256:150000$JJtcj7Ls$c57c6afdb35f5066b4c0ac83bc5cdd882ac13b25228d7e212df5edb158bc8b47","Ruben","Burke","0"
"194","garciakevin@gmail.com","pbkdf2:sha256:150000$mm7h0o8E$daeef75296de24f7aa2aa00f740609bb9e6c27f78b6dff01bfe463f4fd2276b5","Jeffrey","Peterson","0"
"195","ryan22@gmail.com","pbkdf2:sha256:150000$n9WSj2Se$a50ea2d9fdd9a95f889d8a4d4acd837bf8b7bf779ab4daa29b1681aaf3644479","Alan","Oconnor","0"
"196","owright@hotmail.com","pbkdf2:sha256:150000$lGZSlIA2$602dfd1df2795900e3f0f1e70f42d25348a8c19ba70e4fb5cd2bfb4cc18a6d67","Joshua","Sanchez","0"
"197","michaelanderson@yahoo.com","pbkdf2:sha256:150000$8jggwGPH$7c8fc84ca5c86e1d96f5c12629a1562af0c48e1e98271a40b3517ea831b20d49","Kevin","Howell","0"
"198","petersennichole@hotmail.com","pbkdf2:sha256:150000$mv0zZe5w$17148be4142fe5f5f7ed981956aafa8af9edc9c67c148d74a638193a34302ef7","Anna","Pruitt","0"
"199","margaret14@yahoo.com","pbkdf2:sha256:150000$yfZ56QdN$0491ae44ddef7dd0c707a0653349ba9b3d36a9877d634cf6552d4d87b8647660","James","Erickson","0"
"200","nperez@hotmail.com","pbkdf2:sha256:150000$LSPfqd7h$06ee42d8119b90b55d33aadb340bf4a59f0d6373bdfdebb013d5634539c2f95e","Lisa","Wu","0"
"201","huffjordan@hotmail.com","pbkdf2:sha256:150000$OlTSlzhN$5bf337669ee77baf2c48a3b054f89257e53f4d76e1843a0ec1b21495f1821c72","Ashlee","Garcia","0"
"202","tracycampbell@gmail.com","pbkdf2:sha256:150000$srEf3vbL$843a2ea6ede0e1b460ec1c9c0162067fd2cc9d93ca1e12f22302902f1b130a87","Johnny","Mason","0"
"203","cindytate@gmail.com","pbkdf2:sha256:150000$ZDdNwquf$9d31f4fb41d3f9b2f208ea97f9f6d11ad3dbb617db753ade4ac8ab2e5e240612","Amy","Brown","0"
"204","garciacynthia@yahoo.com","pbkdf2:sha256:150000$OZAEOQrA$1debc9efdb2f9ac05acded0d067ede4b9a6108f6786a503ad482387626a81c6e","Angela","Bennett","0"
"205","danielshannon@gmail.com","pbkdf2:sha256:150000$47VAPnD0$0b82eedf7691e325e9dcf5fa76a0fec566096bd3b4a67be1bfd31b67b07cde5c","Dawn","Rodriguez","0"
"206","jeffreycopeland@yahoo.com","pbkdf2:sha256:150000$qMMkPD8O$5e02d34034261bd947e018cd7f05fe0d57c27c9aef3ce57894bcd193ac673b58","Beth","Wagner","0"
"207","whitewendy@hotmail.com","pbkdf2:sha256:150000$GyhzxJxv$76fd37da133042c90c96401a7bf59085f4cd37a69210bd41c58e7771c00a8e9f","William","Davis","0"
"208","jaclynwood@yahoo.com","pbkdf2:sha256:150000$UNlNmN1d$f574419eb0056f961a09e15193f40240d823c4144ac0e767e3d7f28cef6c374f","Kathleen","Ball","0"
"209","pvillegas@yahoo.com","pbkdf2:sha256:150000$5qMXzEdm$de7ead3d5c1bfba4880ad24e3d5be730db0e8808d2c9f178497c11dc315f6c13","Alexander","Castro","0"
"210","graykristina@gmail.com","pbkdf2:sha256:150000$e1ZrGy5B$03b3986a2ee98aa12a681c1289598ed091e43224d3f9ddd2533b0cca758c8e18","Paul","Patton","0"
"211","william00@gmail.com","pbkdf2:sha256:150000$SRE8qv1E$de188d9e724256c2c0c8752c88e70e77c7a177c8d12e7f2b0b3846e7d442ac83","Gregory","Williams","0"
"212","youngdaniel@hotmail.com","pbkdf2:sha256:150000$ptUc9nIh$30202ce511b1cac7b7e9afa05200b2fe58f65ef81c3857b6f5e9be258188fe69","Rachael","Fitzgerald","0"
"213","floressheryl@yahoo.com","pbkdf2:sha256:150000$hsDEdzjU$d26567f3537d553ed47266776d9aa056eb1c16b83df405b995b33282c7f4b4cb","Anna","Carr","0"
"214","maynardthomas@gmail.com","pbkdf2:sha256:150000$NgdXadba$6e9b59299368cb05557e02ec115c7172b2f6c8bd175e916925f5145fac627eeb","Christopher","Carter","0"
"215","jenniferhobbs@gmail.com","pbkdf2:sha256:150000$K2pxb4hy$41c52fb09d35bbff7d81eee5478d1eed439c943ee7a960b6d9053d362591f182","Amanda","Baker","0"
"216","torreskimberly@hotmail.com","pbkdf2:sha256:150000$ACcDPwRF$f6f587a68d4cc81ae26fb32a722b292e6e456a20651b2bac1f42adf406432a52","Joseph","Richards","0"
"217","lconway@hotmail.com","pbkdf2:sha256:150000$ozGOXPuM$7427079a96e290959418eb0c722a9eebd7f627b471eb981884f6ebbcb9bcbf35","Bobby","Smith","0"
"218","alexisrogers@gmail.com","pbkdf2:sha256:150000$H54om01z$5d6538d534f25023ce6d42ff6f1a3ed22b9dcc7f9d940a04d38bff1ce872e025","Shannon","Carlson","0"
"219","tiffanyrodriguez@hotmail.com","pbkdf2:sha256:150000$J0TUtOj2$bac8d75bf2012641a8867706dc27ec826ef284b5231a105531f4621f2b985886","Steve","Schmidt","0"
"220","ecarson@hotmail.com","pbkdf2:sha256:150000$rLUiVPFW$254f213b18bb0193eb2e272d5f58a43f20d6867c9ebd30f3cf7b07d8c9bb42c9","Nicholas","Nguyen","0"
"221","tonyakeller@gmail.com","pbkdf2:sha256:150000$SOomdblG$a084c3a664cf7bdb5b16880998eba63541b313bd9b68c0105ee8cd464d191d8b","Patrick","Fuentes","0"
"222","yruiz@yahoo.com","pbkdf2:sha256:150000$4G2vGAzC$5278db676f2c142c8c1583b4c11dafb5afb3e2496bec218940bf8b3d51cf7476","Sheri","Stewart","0"
"223","emurphy@yahoo.com","pbkdf2:sha256:150000$kVWjDh5D$7cb0c7dad61275e46d4c003d103ac03539928ebb924c1bbed6985cfc20f06be4","Gabrielle","Mckee","0"
"224","christinebennett@hotmail.com","pbkdf2:sha256:150000$16I77SPp$20cc920222de4d2d45074649de985ac34834c0a1dd8c26ec14af2008b544a8af","Thomas","Bell","0"
"225","zmayo@hotmail.com","pbkdf2:sha256:150000$5HdLRPLh$1880efb2b20e6534bba6940263a5f5de178a69d4c633e80c3a85f30aa66c2b25","Joshua","Anderson","0"
"226","melissawilliams@hotmail.com","pbkdf2:sha256:150000$lHfmWhD8$45aab93170401cc3ea9dc1f4cf47c1b69349c1d339d0c2e8e9549baa1fa19a3f","Leslie","Gray","0"
"227","jamieglover@gmail.com","pbkdf2:sha256:150000$iIuSqeuP$00f8a96a44ccf0a8c9575d31e7b983da578eb4cc476cb437b2dab1af9fd47371","Patricia","Young","0"
"228","jennifergonzalez@hotmail.com","pbkdf2:sha256:150000$bSf8rx9H$9708eaf6bb1bfca8bbdd906d1259b11d2ab393c6f990699013928bfb82c36567","Kathleen","Fowler","0"
"229","meadowsjeffrey@yahoo.com","pbkdf2:sha256:150000$mv4GJnJB$3a276f28b7c39215a553589d0d7aaca722010042d60bd86853a32d7eb6d852e1","Seth","Moreno","0"
"230","brownjoseph@gmail.com","pbkdf2:sha256:150000$ZCuQ0e5w$e6d4352d34ee7d37eb24b57d7cfc29e52a88f11d60fbb378ced2f4ac249658db","Timothy","Mason","0"
"231","bwade@yahoo.com","pbkdf2:sha256:150000$1RdgaiEq$bb01c2349a1890d473a5525bbff82fa7c56292679cad96e86202f393eee8a687","Matthew","Trujillo","0"
"232","myerskevin@yahoo.com","pbkdf2:sha256:150000$onwmAE7O$3b7fb19e6bc6aad6a4e6641c8e32561c6633efec00b7e2538a2aa2f08128f5fc","Robert","Nguyen","0"
"233","loririvera@hotmail.com","pbkdf2:sha256:150000$y4hAgwOS$67f2555cffd14e141879ec109a05100e8098bb558454bcee13c09fef8dc53290","Shelly","Boyle","0"
"234","tinajohnson@gmail.com","pbkdf2:sha256:150000$sKQpVKYH$43b5ccbedbc13dbb5e69edc5977d85bb0d09ba669031200f1c15983cc338efad","Harry","Mitchell","0"
"235","danderson@gmail.com","pbkdf2:sha256:150000$5z5ceXk0$a3547841cddd9236cd83c73d05e812e43faa16e5cf3b00b0c709a967b6db6912","Stephanie","Chavez","0"
"236","joshua72@yahoo.com","pbkdf2:sha256:150000$MuCXn6is$f447581832edb47f152f1134a8698bf875d0a1d84386efd70c6129f804b2f3ef","Donald","Cuevas","0"
"237","evansricardo@yahoo.com","pbkdf2:sha256:150000$U0SYYNGI$2532e931ab139e5c5ea8805dc607b17ae70adf9c7e8eb97f55ef7dca54e5b5d5","April","Gonzalez","0"
"238","iparker@hotmail.com","pbkdf2:sha256:150000$SIpnNwdy$cc92232cc4e41c05e5add097f5773a09979382e37b283e06c1e7d47b9a994e5c","Jason","Taylor","0"
"239","logan10@hotmail.com","pbkdf2:sha256:150000$3sJ00xEJ$09543de27a1f6082ac11b54e604742f121da5c0df2a236a71210fca49162aebe","Joseph","Schultz","0"
"240","jacqueline10@gmail.com","pbkdf2:sha256:150000$5NFj76fD$218b2663736e8a88f4fc667dbba8b55394ba95e91fcd366b9c5abc8dcf3a06d9","Kimberly","Nichols","0"
"241","lindsayjordan@gmail.com","pbkdf2:sha256:150000$YucnvFes$97b4035c137e1a948c438c531cedb704f26d171a48829fe7349413cd96a4f748","Daniel","Rogers","0"
"242","timothycox@gmail.com","pbkdf2:sha256:150000$TK5caruh$6a5b4e06d0bd747075e29a8a00b7b680dfafb94d2c1973d0a52dae4838bc359c","Jessica","Brown","0"
"243","dunnderek@yahoo.com","pbkdf2:sha256:150000$nh2xqq1y$028eb08fe80b1459e652c05101ebaf2d27db331a05a263fea204eec5d458457e","Sara","Collins","0"
"244","walkerclarence@hotmail.com","pbkdf2:sha256:150000$bO77hqx3$4e1912ea3bec4945a14e6f0bac4988b66228e495414cdc5bd1f46a79f5af6a31","Timothy","Rhodes","0"
"245","grobinson@hotmail.com","pbkdf2:sha256:150000$FK0bAbK4$702fccd914d539ce76e94caeafc9f22375410d2e44bf3198832649293bc8e988","Kristina","Adams","0"
"246","diana75@gmail.com","pbkdf2:sha256:150000$wSZwRWfP$2c4010e0c6e5992e2cfadf37e81f81109d5f834cf775d830e3e2cf3d92c7c8f0","Joshua","Brown","0"
"247","gregory24@yahoo.com","pbkdf2:sha256:150000$KXpkxZtO$fecc3581297ff0f5a9aab8c6cd2cbebb91560610639675512ecab1ebe5d229d6","Christine","Andrews","0"
"248","welchmicheal@yahoo.com","pbkdf2:sha256:150000$oP4wRVhz$7524c88cc9b2e599f5625857ac8f25b45b0bc9bca471a43ccf469115babf2226","Rebecca","Johnson","0"
"249","chapmanchristine@gmail.com","pbkdf2:sha256:150000$WVihgL0V$a2f34f01f7164a94538c46fc2187467122895c63567ef5246bdef36c0355e60d","Judy","Bennett","0"
"250","elizabethmorgan@hotmail.com","pbkdf2:sha256:150000$uLPFt0Jx$321821f795bc8dad8352d048e4a035a44ca8d0701c335d70e0f1f6239fdd334e","Kristina","Lawson","0"
"251","jonathanchan@hotmail.com","pbkdf2:sha256:150000$rk1XpYlA$8e450254a365ef9591c71a5e7cc2093df5f023c0c382d1b7f42baef2c1654b89","Courtney","Wade","0"
"252","whill@yahoo.com","pbkdf2:sha256:150000$39k9TTaR$dfe5e6f57fd7d6b6adc99059ecf1176edfded1330ae7e7a77abf1530574a8ce9","Garrett","Johnston","0"
"253","lloydjason@gmail.com","pbkdf2:sha256:150000$7penlJdN$3abe9e4679518af512cc25a010646cb6fe6652b303692283e3d7bdd1fdca244d","Brenda","Andrews","0"
"254","kathy58@hotmail.com","pbkdf2:sha256:150000$NyK6X6HB$a0f0ac846864090ad1162f652304e223d343953a8fe393e3473fe9823a2d314b","Jenna","Reynolds","0"
"255","ginaproctor@hotmail.com","pbkdf2:sha256:150000$t8j6gFD8$da7e56c1087b362b1f8f36b8a3a5230487b703680a887fc9486448f42951c07e","Bruce","Mckenzie","0"
"256","weissjeffery@hotmail.com","pbkdf2:sha256:150000$ZlLwj76P$07f9826f6cfc967e70b846d1c4c4625ad8300c406b6cddbc74a71c61047aa18d","Felicia","Martin","0"
"257","davidsonjohnny@gmail.com","pbkdf2:sha256:150000$mJRg8xNc$e38653e138acc460975e79a97568285628d8e87db13c56361a1fb9f25eaea30e","Tracy","Alvarez","0"
"258","jesus82@gmail.com","pbkdf2:sha256:150000$2mx0tYrU$394f8f6aa0a9b9b12c827e1073693dce771d40b780976149918d00c10ada3574","Amy","Jacobs","0"
"259","eddiehardy@yahoo.com","pbkdf2:sha256:150000$QkJQ3IlB$4130b9d329180895d43339b730a6e7b014d2cda0a971802c1c510d5cdffb02d8","Daniel","Cox","0"
"260","ryancrawford@hotmail.com","pbkdf2:sha256:150000$NSSE3JEy$affc446f58f5503abb4dbf0a9509a08c23dc6d191631238bf3428dc6f8577e68","Patrick","Jackson","0"
"261","qbryan@hotmail.com","pbkdf2:sha256:150000$61XuhLlZ$d15a1f27d286924644f37dc52df0ce6e70c368f967851616323753839f2321d4","Cameron","Ross","0"
"262","gquinn@hotmail.com","pbkdf2:sha256:150000$rVb2zzpv$3216c1c6e11b40089f99ef356cd761f0e14f5cbf58c16b3c8e8c13baac651111","Matthew","Ray","0"
"263","hmcneil@hotmail.com","pbkdf2:sha256:150000$eWRhYNBv$26d493209e6936e0fa378e5455333434dd956bdf691cfde12bce639aff4c41b4","Connor","Smith","0"
"264","laurie23@gmail.com","pbkdf2:sha256:150000$IgdiDQ1f$9c1710ce4905e4d44173a83cc0ec467d690bf5f7f9c259dba6633807456ebc5b","Douglas","Navarro","0"
"265","rachelcooper@gmail.com","pbkdf2:sha256:150000$hpTnqaBv$667b6bc634a1e9fd03e8f5d7f4b72154d8000eb3b3d6d3c63722f391e24248dd","Rick","Herring","0"
"266","dmcdaniel@hotmail.com","pbkdf2:sha256:150000$qeWyvHyo$2aa33d4f582742148fa8d6767e935b5a60d7ffbf2a2851dbe60b025142fa69b9","Anthony","Padilla","0"
"267","jasonbennett@gmail.com","pbkdf2:sha256:150000$S5ZjE3Sf$01ef1531abc464e6b02b1d91845b959e578e98655cd08d46b14e9e9c2337305d","Linda","Jacobs","0"
"268","josephstewart@hotmail.com","pbkdf2:sha256:150000$LgfL6e77$87edeef2d210a4461001579b5b4440551d625b6e364ad86ca12bebf5371674e2","Leah","Cantu","0"
"269","amandaclark@gmail.com","pbkdf2:sha256:150000$EXbnpHS6$dabab5cf9bddd2e69d7b43506c45415e6759fb7583f3e2d8fa1732c2bb7a7785","Nathaniel","Lopez","0"
"270","joshua83@yahoo.com","pbkdf2:sha256:150000$EfcPnRRq$54f507b581116b0c05dac448976c24479ece315e1118e476e5eb2f6bb9ac0b10","Brandi","Ortiz","0"
"271","rreed@hotmail.com","pbkdf2:sha256:150000$pIEyAId8$9968cba151fa6a3c3757b95903a6cf59cee2c7d6f071ed93cc695e567825e4b3","Anthony","Brown","0"
"272","burnettdarrell@yahoo.com","pbkdf2:sha256:150000$RZKeZrjR$7858b3b5a8ba5bc09f044bb5fb6ac14f9e12a1688b14b825f74f1d0a392ac04c","Patricia","Sanford","0"
"273","mrivas@hotmail.com","pbkdf2:sha256:150000$mItX78VA$e7b2b94ac14bf233cf31f542823205237e3782b8b770e8e65eb3d438ba20401c","Mark","Mercer","0"
"274","sean74@hotmail.com","pbkdf2:sha256:150000$caHpQPQz$c059387d850f0951d6e8425c813a6c39f091a7731014ea99c276354093627854","Beth","Roberts","0"
"275","patriciaweiss@yahoo.com","pbkdf2:sha256:150000$3J8QbMEH$971e1a6e10ac7887076d6768b96c7ce714dc527c50901c896ac7b563ac65bd8f","Leah","Flowers","0"
"276","yoderjohn@gmail.com","pbkdf2:sha256:150000$OE8z0VAL$0673e5c0020018adecd95eaf0a6f91622d0578b21570667ac2f1a3ceb0d4f1e7","Kimberly","Parker","0"
"277","toddnelson@hotmail.com","pbkdf2:sha256:150000$Oio9oMm0$fa8f64156c5c1a63d294c22418aaf9f039357ce4d7ddb318c2a05c1429a3e44e","Vanessa","Horton","0"
"278","kerrynelson@yahoo.com","pbkdf2:sha256:150000$q84Z31h7$d70dec64a31a9aeee35845cb4830d3744f3097db872e3ec6ac0a1c4f43ea1d5e","Jeffrey","Santiago","0"
"279","larrynguyen@hotmail.com","pbkdf2:sha256:150000$A4xXXpco$094dad10dcfe0669ed83b2801dfc15f2530c0d83325c8e03f8612af5639fda54","Mr.","Jr.","0"
"280","sarah25@hotmail.com","pbkdf2:sha256:150000$zhfD3kDi$b82df4c3c1f27b5d97cde44bc7ed6dd593fa99157c68b0a1f76bebdc83bdb241","Natasha","Allen","0"
"281","robertscott@yahoo.com","pbkdf2:sha256:150000$vpTduKqE$01f4ee5bb577ce0ab58de321e160069e62815b2f3aa3d24aae95511b44a1ae16","Mrs.","Parker","0"
"282","stephanie27@gmail.com","pbkdf2:sha256:150000$rjVFqSGp$0b7547ffd19dd08a3eef2999583f3f2a41c8a970df9afd22b029ad778bd6dc1c","Steven","Diaz","0"
"283","bryancummings@hotmail.com","pbkdf2:sha256:150000$54bRG8EO$f69e718464b1eea29accc4f21ff86dc444479eea5330fca15c1e78bac54c7266","Sherri","Thomas","0"
"284","stoutkyle@yahoo.com","pbkdf2:sha256:150000$4yHzjV8K$d6b6c1dcc15d0fc3351dd7fbec589bfa50f3ce12d1a68763fff165c589bf113f","Samuel","Becker","0"
"285","smithcraig@yahoo.com","pbkdf2:sha256:150000$ApNrt3TY$a3544215182c22611eba5932e85c58411e4c47b0f2a9ccef080f5227fea79946","Adriana","Anderson","0"
"286","vprice@gmail.com","pbkdf2:sha256:150000$kPmoaFnE$18c07ad3534ba4d98be8a94581a94e277e308c3de61f5f6094dbf912dde045d9","Ashley","Estrada","0"
"287","edwardsdonald@yahoo.com","pbkdf2:sha256:150000$MOIIcda7$85a8853385f9cb1b28e9c7cbca204add7c5bea7a9d3c16ad1c6b0c8e671ceea0","Christopher","Goodwin","0"
"288","davidpeters@gmail.com","pbkdf2:sha256:150000$iEeTJPv6$923446e7dfb764ad077027f4ae6f3bf712f634050ac97fbde098ddd40425a80d","Nancy","Chavez","0"
"289","marieolson@gmail.com","pbkdf2:sha256:150000$D7nJ1Yrd$2e0401c1f8edcd5ef922377a768c8ce042d299aa3ef21dc6232183d561218c61","Gary","Erickson","0"
"290","michaellee@hotmail.com","pbkdf2:sha256:150000$3WxuCKR6$34e98f861c001aa708af6c30af3ed7053c6497e16b5944f6f58f19ba6061e6f3","Cynthia","Mathis","0"
"291","williampetersen@gmail.com","pbkdf2:sha256:150000$ZsdfN9rG$f9ab14dbea54c9c651f0c1ffbab8c30e9a6f42a16735f57fac5d9d6672964299","Todd","Curtis","0"
"292","valerie82@hotmail.com","pbkdf2:sha256:150000$s1nCh9SD$8b4c50fa3e102cfacd40e06a8bbf60a36835fb9101f56bf740d6d0f8b2776f6a","Matthew","Walker","0"
"293","sloanmarc@yahoo.com","pbkdf2:sha256:150000$FClqgW4v$7c19f5ded2105e0b909d65a82371d163311296998b33a3dd324c67dc9886ddeb","Mark","Harris","0"
"294","sbishop@yahoo.com","pbkdf2:sha256:150000$Yh3KKM2v$3695dad46b6dec436287013d5062f457386ea753509bf4fbe9e8b90db67ebb44","Susan","Williams","0"
"295","kathrynraymond@yahoo.com","pbkdf2:sha256:150000$GFHzpm85$a44acbad73f3c2a0cca8d6f0b4d3f6fc3d68b1851322e758f610904982bdb9bf","Kelly","Pierce","0"
"296","michael91@gmail.com","pbkdf2:sha256:150000$7nOIQ4Kq$fa1a40c1187617b4efcfe8cea6a825540d31de08165880806dda63e68701c3ce","Janice","Meza","0"
"297","ivaughn@hotmail.com","pbkdf2:sha256:150000$BpEKDarj$b5224393fcfe7fcf9cfa09b26161d738b0656d78ee70c0f0182455f90dffba23","Joseph","Villarreal","0"
"298","paul69@yahoo.com","pbkdf2:sha256:150000$4qoTq2L3$66076551ec472062ca66ca0ab0f4e1ed741aa1e8d8c98d224a038af972166d12","Stephen","Hammond","0"
"299","ochapman@yahoo.com","pbkdf2:sha256:150000$O5HYF0Nf$89396f82124718018ec07f6cd97025514727c6c19db8ce2fef259d6ac0d1b73d","Michael","Hardy","0"
"300","khunt@gmail.com","pbkdf2:sha256:150000$GOugZ5SO$74e8ff1a0a123e0d2cba139129166b77f5fc4287662011f5a9f698f111b139db","Joseph","Parks","0"
"301","eflores@gmail.com","pbkdf2:sha256:150000$uGxEacuN$6eebcea803e32e297f587f6a00890f5d33fcf7c96bc7fddc26d9835756e54014","Carolyn","Kim","0"
"302","llopez@gmail.com","pbkdf2:sha256:150000$PF9JOlxi$d271d88c8d7b5104a31c55b20a421e91cee8efcabeebc5e1bee3a4c7e78fd861","Kevin","Wood","0"
"303","meaganmartin@yahoo.com","pbkdf2:sha256:150000$SKTe01Rr$6478f3d896e579ea14732763cca6f7822aa18180da9628f0e51ed9eb3fcbdedf","Matthew","Carson","0"
"304","brobbins@yahoo.com","pbkdf2:sha256:150000$Ox9lHL5t$1d503e7acdf1b0453446d6354f8143f2f1a66cee09a1d1ef30523a088b9ef0c9","Daniel","Roberson","0"
"305","joshua22@gmail.com","pbkdf2:sha256:150000$Lms9CeB5$b97d2d89f131226216b91c7efe4f5c7dd28cd604d30201521f087ec314229305","Susan","Waters","0"
"306","johnstongerald@hotmail.com","pbkdf2:sha256:150000$HTG2wBCu$01c4882c168cb920133263ea2a9bacbfff51e46cb340c8f9a81946c28e9d9d15","John","MD","0"
"307","jasminemcdaniel@gmail.com","pbkdf2:sha256:150000$pkHUOEKR$f84e14d93d7f4c2204d458dd15a750c3e2c1871ec25fdcebc6524cc3f563122e","Christopher","Fuller","0"
"308","meyerkathleen@yahoo.com","pbkdf2:sha256:150000$sWTYoeD8$3f3b9b9e770c8e305a24da0e63d758df90712fa8239938c2776f344ba82857b2","Savannah","George","0"
"309","emmascott@yahoo.com","pbkdf2:sha256:150000$i6K2cSu0$08961e485b7d3783fbd0916b2e30a58716938584e0eed037f250ec1b5f236bee","Lori","Leonard","0"
"310","jacob44@yahoo.com","pbkdf2:sha256:150000$5lfGrYW6$37c4b34a5bdd87279988cd2364bd2f2301da5ddff87c5815e3f8b72a54efcc5c","Alyssa","Matthews","0"
"311","ashley27@yahoo.com","pbkdf2:sha256:150000$P38WAc0G$e5ea4b634bc1d99cd81245775945f81294dfaf01d8b82b234a03407d47cca35f","Mr.","Rodriguez","0"
"312","christinawhite@hotmail.com","pbkdf2:sha256:150000$LKXt45Pk$701b18d66ea41a1251659f86691da31a3d1ed116850897191a1208acf227fc14","Christopher","Martin","0"
"313","richardvaughan@gmail.com","pbkdf2:sha256:150000$hovyd5rY$5f9387856a6452614d81709a1482e8143688ac54f57d0ff6fddfb572ba4a57ed","Michael","Brown","0"
"314","eruiz@gmail.com","pbkdf2:sha256:150000$8xZisUsL$efa888d9b3b83473cdab8d004083a9f7d5e8d9d10a3939c91cd03bdf3b227091","Mrs.","Jones","0"
"315","craig07@yahoo.com","pbkdf2:sha256:150000$O0UGrO2b$7d4cfdc898b8fbb6f3c7c501d7e2d60c2b0bc9994be5326d01778762b82dc64d","Larry","Yates","0"
"316","william35@gmail.com","pbkdf2:sha256:150000$tMobd4MV$1e31e608ac9ade825806a56a8a098cafcfbc972f1c1265b317afd862326d2c3f","Cheryl","Smith","0"
"317","michael04@gmail.com","pbkdf2:sha256:150000$yLt6hbRD$7b8bfc32d3ea6b1dacafc4153baf4e38dc51282f6b74f383bed7ca36aaad07c9","Dawn","Roberts","0"
"318","timothyberger@gmail.com","pbkdf2:sha256:150000$qQQwbWL0$7c0aa904313eb0b09ef74cdd5de90433f5c8aeba63adf9d57ec61f661ed4d3c7","Penny","Joyce","0"
"319","mcmillanpeggy@hotmail.com","pbkdf2:sha256:150000$v6EvxtmP$9f92a3399eb62a9e91e6e832d7c850cf3020a51bc250246f7a7e30bbf616b6e9","Patricia","Davis","0"
"320","uburns@gmail.com","pbkdf2:sha256:150000$89W0Zv46$7ea2696b4395d60855d204b793e04e9d6fea15171ab0e066dbb0850548536d7e","Andrew","Norris","0"
"321","obrown@yahoo.com","pbkdf2:sha256:150000$PdwVLfuI$58b814c65c1540fa7f9ff114345e54edcbf59de0753ea906f65f8d9ee4246509","Teresa","Fritz","0"
"322","milesnathan@gmail.com","pbkdf2:sha256:150000$7jx9XR10$2f71fa564c9367799bcdddbfb604f400b39dfd639e240a1cad22b224a011dcb2","Ann","Lam","0"
"323","lisaperez@yahoo.com","pbkdf2:sha256:150000$RECfF7Ww$fbb22e32da16baeff4e67e63bfdf3bee36185232f148ba8a49373f6c0de78d66","Jessica","Cain","0"
"324","burtonchristina@gmail.com","pbkdf2:sha256:150000$lOOdkHNt$a47ee5d96caf07560797c896931d8f22d51ef59087418b99cb3ff67c8e4bad75","Anita","Reese","0"
"325","andersonlori@hotmail.com","pbkdf2:sha256:150000$7Oj5cnE0$c99f33bdd02722a0b868d11d0a42191da7ef3236d09681d39a095224e8ea8c22","Timothy","Knox","0"
"326","robert74@gmail.com","pbkdf2:sha256:150000$aZvAbZy3$e57cd78cd96512c48261b05ce9c2b9b45c8a2e803c3230908aeea2a0049ed740","Bethany","Herring","0"
"327","tcastro@yahoo.com","pbkdf2:sha256:150000$1vJk84Ev$a4ed60136f98b9f1a9d5cbf042edd812941d4003e4234b578a094481fac175ff","Dawn","Davis","0"
"328","woodpaul@gmail.com","pbkdf2:sha256:150000$BNli4u4O$340c7d2e54482678e59aa3cc3aa4577fd8692f4290f407cf4c2fdc721823eb09","Stephanie","Powell","0"
"329","ricky62@gmail.com","pbkdf2:sha256:150000$VWB02ARJ$6e663b7362993afc8eef508b1f4b7a703f407497f7d4eab29a4e290a75a650ec","Paula","Brown","0"
"330","watkinsheather@gmail.com","pbkdf2:sha256:150000$bHGxaYYy$35ff0cad141235b33fecea6eeaa3a096fe8bc338a0b46da1ea52900157838ce2","Tiffany","Bryant","0"
"331","judith12@hotmail.com","pbkdf2:sha256:150000$aui6Lwkx$1e2807bc36bdbb13290352945f33ea59584c7a4e706264e52d7ccf2e136627ef","Charlotte","Nunez","0"
"332","andrea36@hotmail.com","pbkdf2:sha256:150000$ZPUCXEpm$909b3bc6fe89607b618c8b57c8006894bb422a80c35715446d8de6dfd6112760","Susan","Dominguez","0"
"333","grayrebecca@yahoo.com","pbkdf2:sha256:150000$1XLFBrLG$ec0c4a9daaf42935198c43491af7f31d80e4d0ece47f7dadbac55e3457bef1c4","Molly","Hicks","0"
"334","sarahpeterson@yahoo.com","pbkdf2:sha256:150000$1Q0q238I$ae0ba9365501dda56e42429132e8f765ef25fbbe226e7c80f12895cafbbb95a4","Gene","Jones","0"
"335","zachary18@gmail.com","pbkdf2:sha256:150000$OsYAyyjA$c375aa3f8b0d9f7f9e237a886a2c090f9eb390f3bd71534b7807a856f95ae5e5","Maria","Reed","0"
"336","brookebrown@hotmail.com","pbkdf2:sha256:150000$NUNH7uCJ$7ab3740bd21bfacaf3ad3da3f28c57b58dffe8c941a01aa302e128914b007c52","David","Daniels","0"
"337","cody15@gmail.com","pbkdf2:sha256:150000$GU2Nw9r6$82d38a8a2b8a1c69a0c4e7a7d0629af76e5821a4d7d6e36146bb2467f6ffc1de","James","Owens","0"
"338","scott17@hotmail.com","pbkdf2:sha256:150000$gF9wrlST$080b5a71d6f2613bd9e3344951d78cc5d4375af267a7bf4ec58bdc55fb964789","Suzanne","Williams","0"
"339","douglas72@hotmail.com","pbkdf2:sha256:150000$rQ1nMW2O$e0a9797eee8f51ac8e0a689a87ede32b02702355f8afa8b51164c3af613cc918","Julie","Cox","0"
"340","wilkinsontara@gmail.com","pbkdf2:sha256:150000$rbaMKmf4$ebc84ec776136efe25bc4a9cfd997f619fdb9cedda7555eae0dc844d57d98775","Amanda","Preston","0"
"341","dmartin@hotmail.com","pbkdf2:sha256:150000$RjlezBiB$3f48e68c1d4a161eca98e78cec5b01856fce42d5c53186fc68c37f7154e40ed1","Cheryl","Steele","0"
"342","wmarshall@hotmail.com","pbkdf2:sha256:150000$91MUnzC8$ef007561edbc8642bef0adf3f4ec24ad2b4ac339aab8f18696b65fb2303e60a6","Christina","Jones","0"
"343","angelagonzalez@hotmail.com","pbkdf2:sha256:150000$XVUaHiz1$ba1098eec1fcd49777ba7125a81c87938d569f68c75f96e6acc3c761264cc807","Bradley","Serrano","0"
"344","fhill@hotmail.com","pbkdf2:sha256:150000$K3RMPMyH$ff291530f71e0c6fd093323dd69974200cd09d64bd062df8814660cf0c186a47","Jeremy","Green","0"
"345","jflores@yahoo.com","pbkdf2:sha256:150000$L9YfcRnz$820c894d646a1435a1d6c14fe9ec06d144c8e748eb93987c56cbc70c909b3315","Dalton","Lee","0"
"346","marc06@yahoo.com","pbkdf2:sha256:150000$elFDFach$66d5a51faec7e01b885429094cdcfb994b23abadd994b9fa78dab335ba79424f","Aaron","Ford","0"
"347","watsonandrew@yahoo.com","pbkdf2:sha256:150000$lnufTsRE$e45a7c56f56ebb503d039a2577ad4a4c2f4813e82032f0e48ec3044fc4f56bac","Michael","Chandler","0"
"348","icardenas@hotmail.com","pbkdf2:sha256:150000$kRen9FF4$ec0ff48bd590507a31e04a3a572ce20776ec4f0f8d497abcf33828a57abc6251","Jennifer","Payne","0"
"349","bboyle@hotmail.com","pbkdf2:sha256:150000$ETZFu8QX$8552b7feb8c7bc8e9bacb167ee78c0f35d0f42c1b886d1289adc12aba5c82013","Casey","Marshall","0"
"350","chrisedwards@hotmail.com","pbkdf2:sha256:150000$rQSne8nt$8ed6046723706b8993fe6eefffff7edfbb8cf9cf402bf45bce7297e17b6917b6","Karen","Hays","0"
"351","dhall@gmail.com","pbkdf2:sha256:150000$teEqtNLC$284bd83c97ccd04669f54b40f2038d9e43fb9ba11c0ab718be9aca8b8c84ceb3","Walter","Barker","0"
"352","hschmitt@hotmail.com","pbkdf2:sha256:150000$vLJVDRSZ$aec3198566b04d5d650929c1557399d0fb388c55fd0c3b903d0e247b41d37b51","Lindsay","Cooke","0"
"353","wrightdiana@gmail.com","pbkdf2:sha256:150000$CJ0yGyFF$f0c75cc73066588a16d0ccb8fffd8cbf55960890b33ba778e01744b850e8786d","Jose","Martinez","0"
"354","tlamb@yahoo.com","pbkdf2:sha256:150000$CCRLe91D$5cfd18ddee75088264e7318498b0d0b9e1a896c65888435683078100b2983d86","Maria","Bradley","0"
"355","stevenbrown@yahoo.com","pbkdf2:sha256:150000$RS0skcqj$193bd0aeab4e6460644961ff195e7eed935f116f494183b8d283e95182520b6c","Jennifer","Foster","0"
"356","gcampbell@yahoo.com","pbkdf2:sha256:150000$ESy8mWmd$a9550362f36d630c2a55d27419b73f229cd31b8c74bc5f375b6c1e516995d2dc","Ashley","Bell","0"
"357","sanchezpamela@gmail.com","pbkdf2:sha256:150000$kJX0JsW7$59e36811c47855d19a024808914263c426522b5c2cc2fda56e958dcb453c2190","Dylan","Murphy","0"
"358","owest@yahoo.com","pbkdf2:sha256:150000$orsn7P1g$5870944b104b17e5fdeb808b8ac7f1fe41e33515b8622f308f450ee24a6c02a3","Jose","Williams","0"
"359","christine97@gmail.com","pbkdf2:sha256:150000$QarLaN83$680ec711680187ed1f9ba83667f81d2c5bdec304af76e3e8552a974c8442ca16","Lisa","Hill","0"
"360","tracymurphy@yahoo.com","pbkdf2:sha256:150000$EP94vrNF$9cc276318cac12d61042ce5f5470a6184f24fcfddfa3960394c6f717708ed98f","Robert","Steele","0"
"361","pettybrandon@hotmail.com","pbkdf2:sha256:150000$InPtXRec$8851cd1e02df068555a79ebd91225b51f4b842b75f27f693c7ad2f2be7d4f127","Mr.","Gilmore","0"
"362","matthewdavis@yahoo.com","pbkdf2:sha256:150000$NKD4epxK$ada41ba55395c732766f6fcf59f3ef37483f74445a2a045b0daad64e22e63716","Shari","Berry","0"
"363","lewisdeborah@hotmail.com","pbkdf2:sha256:150000$gfXXltNV$1d5eadd0f08717cb8e8df152f4d0fd8c8837526dd41e5d2c88ab1282946ee29b","Jenny","Benton","0"
"364","nancy75@yahoo.com","pbkdf2:sha256:150000$t9HSMqjf$a87055ca30f2264c0e544e34a45f42b0eab0e734a3717945e95f5357c4d23850","Derrick","DVM","0"
"365","edwardslinda@yahoo.com","pbkdf2:sha256:150000$DWHXQReR$7a8df67e14a24a2338bda0717bff553b462b556b971b03b1e40b54063703b766","Marvin","Lang","0"
"366","sara06@yahoo.com","pbkdf2:sha256:150000$4qF8dafB$f40c46cd47ac11dd888991f77f938bbdcb51045dfd199508c091b9904602da01","Randall","Sullivan","0"
"367","qschwartz@yahoo.com","pbkdf2:sha256:150000$5dD0KMbn$9f1cd1e126fbb15eb8a4d58aa78d4b133e102999b22a205608db387c9e102f14","Jerry","Knapp","0"
"368","travis62@hotmail.com","pbkdf2:sha256:150000$U5gupTBx$9515ab5bfc9b321bd7087dee24b5aa8e8858e1dc7d8e89a8e2efd7fd463d280a","Mary","Cross","0"
"369","hbrown@gmail.com","pbkdf2:sha256:150000$KgyLtJ8f$febd3cd6a1b6b1e7a661e44b0ab9016256c4c3a9c7ad94b9dc10aa63e586d260","Julia","Cunningham","0"
"370","sherri01@yahoo.com","pbkdf2:sha256:150000$tX8zTi5X$2ccbebd4fa20668a50e8821cf2c69f32887305a4f968787a6581fd3295da2f31","Amanda","Farmer","0"
"371","carrie84@yahoo.com","pbkdf2:sha256:150000$3h7zMQMY$c30840319961db0c8c4cce72d6f3ab78f4064a1d3defa241770da4d8221df5da","Austin","Cunningham","0"
"372","jenniferle@hotmail.com","pbkdf2:sha256:150000$iIl5yLG4$9ab3e34ccc9e9f80fda06699e7b4ff0c3010553ee7ace5c21fae3ec0a02534b1","Catherine","Stevens","0"
"373","michaelmanuel@gmail.com","pbkdf2:sha256:150000$CW2VBxbI$70b920016af6edebbab23afce3dc16e9a77554b5d3044374f118b56a25a40d11","Jose","Gonzalez","0"
"374","sophiajackson@yahoo.com","pbkdf2:sha256:150000$h4pZTNzF$03c7be2f99a1161f01ee24fce0e287c92f1acfa7a25f8f13e933b0d377e81e6e","Brandon","Cuevas","0"
"375","zrobertson@gmail.com","pbkdf2:sha256:150000$8Jm6F1b0$0fdc9436633bcc9c99090a4620d5f5cfe13c22491c9125879ddaab34a887e073","Margaret","Koch","0"
"376","prios@hotmail.com","pbkdf2:sha256:150000$jpYPhKMR$ac64a0c130027c265672cfc5d0cf1f2e101e7a76a7da71373b57af26bdbc706f","Paul","Moss","0"
"377","johnnyhernandez@yahoo.com","pbkdf2:sha256:150000$tyzOgroy$52512528fe1bb3890d51902b7dfe52054ac7fc127306013c79a08358650e4fcc","Danny","PhD","0"
"378","jamesmyers@hotmail.com","pbkdf2:sha256:150000$h9dD9mH3$d64e9d502d3f64ac4635e44bfc956c5a3462c3ccfc48425c7965e419a868b7d7","Deanna","Wilson","0"
"379","bentleyjennifer@gmail.com","pbkdf2:sha256:150000$EzxKzjFO$69cb03a714981996f6ed0bc2606a162170fcdef373628876c07b563a7447d868","Amy","Campbell","0"
"380","benjaminbrooks@gmail.com","pbkdf2:sha256:150000$hQKHV5Ek$ebd737d301edf9dcaf8e9e6ecedcd960de4a49bdab887a570a58150e21fae8ae","Amy","Maldonado","0"
"381","lopezgerald@hotmail.com","pbkdf2:sha256:150000$MMv1obsS$f0fea117fb6284f7c45264d46539ab7e85f18066ada3ca55a0249aacb71313a0","Jason","Young","0"
"382","christine76@hotmail.com","pbkdf2:sha256:150000$qjsr0VCi$d8cbb46bd19c328ac6c3b59366bb794241d706e4489bd17e5f7a9592e9b1d026","Chad","Price","0"
"383","ryanrobertson@gmail.com","pbkdf2:sha256:150000$er7SmmlE$d1506b054935c1ba327232757fa9a64bb5056de2e1ab652448f83a9f732826b5","Holly","Rice","0"
"384","taylordaniel@hotmail.com","pbkdf2:sha256:150000$f2tRzJpJ$f4c3436c9349ba272f87d23fde1ef451bff9b48c7bd5aa77486bdb078947157e","Antonio","Strickland","0"
"385","jonathanturner@gmail.com","pbkdf2:sha256:150000$3Ctn44nG$db1fc289e0c9e04a152bcbb5a5782253d0c8f5194b461202e696c41607ae73ad","Tracy","Lopez","0"
"386","kimberly06@gmail.com","pbkdf2:sha256:150000$d1f7YD5q$ff92c73c3059cfeb2a6a66125f2540a40dbf3f60decb6008b66a9573c669df57","Kathryn","Miller","0"
"387","brittanygarcia@gmail.com","pbkdf2:sha256:150000$5m3xeBom$5e475a1608fb56703f97c191da8a80f2353d67bdc73d971c0b202d2c8009646b","Vickie","Dodson","0"
"388","robertsstephanie@yahoo.com","pbkdf2:sha256:150000$1z20J18h$382b06be12f7aef65524bb8d3460945914df696c9fccf8b70b6d2aa02c735757","Adam","Wilson","0"
"389","zboone@hotmail.com","pbkdf2:sha256:150000$UrV7g7Yd$17708f8eb229325ef8fbd706fb62d4b30ff9cd299ee6c0a228f05a3f397a0472","Dale","Vargas","0"
"390","hpark@yahoo.com","pbkdf2:sha256:150000$EncMiXTJ$295b2ae24c36e8fd0055398319ca100ec92cc4d264b44086c809517c531cd9c8","Timothy","Lester","0"
"391","djohnston@hotmail.com","pbkdf2:sha256:150000$Wv3O1HZw$d7a7c60d74fd0ce4dbee4bbca61d420c56a9917f827261772489baa5b78e83ee","Jonathan","Jensen","0"
"392","kyle75@yahoo.com","pbkdf2:sha256:150000$Bt6Fa8hD$1aebe18e64006e61f8b69a267ac6d8800f3f9fcedb032cf98c734d3ce95914ef","Joseph","Daniels","0"
"393","robertsemily@hotmail.com","pbkdf2:sha256:150000$bNbvwjjj$df303693c05d1c48ff172d4b90c066ebe3452479aa4ee0f1e64770a244f6a24e","Olivia","Baker","0"
"394","linda31@hotmail.com","pbkdf2:sha256:150000$7J17aF3P$dad174d58cc2b5928f32df74a69ec5aad6addf08b2653623a8c8d020c3d0df63","Lee","Graham","0"
"395","edwardstewart@gmail.com","pbkdf2:sha256:150000$X4V2jyLi$59e01c8dcf185451f45bfe6c7f1c12ee25724159ede050646190cc27b772bd41","Kimberly","Olson","0"
"396","davidsullivan@yahoo.com","pbkdf2:sha256:150000$4ntShyTf$a76092f4eeb98c3c5ce2687746e396fe312f6cfbc84fed0daa38fb87ba52f100","Lindsay","Reed","0"
"397","robinsonmichael@gmail.com","pbkdf2:sha256:150000$x8Xn3FwR$356e455d8002e22f734c7a9594c37817fb8e7090f790c9b2aedbb85911ca893e","Kathryn","Hampton","0"
"398","friley@hotmail.com","pbkdf2:sha256:150000$QJAKDh2J$ef9e0eafe7ceb48f3e24f9f4710955508b3e826776a4bc0838e86b56d38032d1","Matthew","King","0"
"399","earnold@yahoo.com","pbkdf2:sha256:150000$C4F0tfpY$2bb5c9ad2d789ad26b51b0f2a7a9f51418fd984302b14b6630e843eb917d567c","Marcus","Robinson","0"
"400","daleglover@hotmail.com","pbkdf2:sha256:150000$x3wmeETV$a40ef775991543c30703c50b3e6b3354d65850ff8979890f19b719091dd85e2a","Michael","Carson","0"
"401","collinsmichael@gmail.com","pbkdf2:sha256:150000$tOk1s3Jv$950abe9f66ce335ae87173b9d7b9bf970f6f2e858b2b015e83abfe4a6100a331","John","Roth","0"
"402","steven58@hotmail.com","pbkdf2:sha256:150000$6mE2z5eu$b9e758513a66a1c683ba66b9dae323b30aa9bb90cb2cae7e96676917b6483ca3","Tiffany","Johnson","0"
"403","felicia07@hotmail.com","pbkdf2:sha256:150000$VvJSFX0p$36ea8439e5bc9e6254068c2a01adcdee162bd9f3dda32cb6ecc83cd72b02477e","Emily","Robertson","0"
"404","cjones@gmail.com","pbkdf2:sha256:150000$9cypXbsa$0a90c7809d5c978828a4089596805708b8de49e31bf35565f25160ef4554fd4e","Matthew","Cox","0"
"405","revans@gmail.com","pbkdf2:sha256:150000$suH6p6RS$e513eb71ea05b0cc102b07781d5d5d18a20e4eb0cfe57a0345f156092611ca47","Shannon","Thompson","0"
"406","hhill@yahoo.com","pbkdf2:sha256:150000$FM8nUYRo$283bb4c20a35dab687ac185feb48944d07fcc646277a92d3729856480bc343a3","Kelly","Martin","0"
"407","randygarza@yahoo.com","pbkdf2:sha256:150000$K58gfTIQ$534758273dedcbcbea4049677de2aa4ef37db8ff00e91e5fef4d72aa774c13e6","Justin","Frye","0"
"408","meganevans@hotmail.com","pbkdf2:sha256:150000$2tGnbktp$cbf284407862af01441ffa97dc7f976df645160e46c38152ca43d53c8d38b0e4","Ann","Patterson","0"
"409","youngkyle@yahoo.com","pbkdf2:sha256:150000$9nyz3nwD$2f4ce7ed0b3f4901c3bcb5244e54b5e7895e8975e34059f1e8a2a9c0e80dfdcf","George","Alexander","0"
"410","banderson@yahoo.com","pbkdf2:sha256:150000$QVAcGEi7$ecfd56358884941425936a6ba789ab48d0452ef721e5bac242276be7a5bc748a","Andrea","Stephenson","0"
"411","patricialucero@hotmail.com","pbkdf2:sha256:150000$7Yp5H4cE$794ff97ecb92659dc126529eaa3285020691bed30baf9e956c53329937f670b8","Marie","Leon","0"
"412","jessesmith@gmail.com","pbkdf2:sha256:150000$GsW2T0EZ$4085556e7c9e9b502fe8c677a3ce5f4ec0d1c5ce57d5565aab4da26227d8cb36","Charles","Petersen","0"
"413","rhiggins@gmail.com","pbkdf2:sha256:150000$9RTU2s6K$9d383751a2c9a1efeeb6da17b9fc13dc1dadaa56e0a78ff4d0b46561d8d9bdde","Alice","Duncan","0"
"414","james76@hotmail.com","pbkdf2:sha256:150000$INU2sI1T$fcbf86e597df14182c229ac658c60908a26b8cdaff8bf7b53e7c71b13591beef","Mary","Mckinney","0"
"415","lcruz@hotmail.com","pbkdf2:sha256:150000$oN9dE1RF$1143a425829c60456149c8567ce063157df6540e1d06c2e167bcc75d613647f8","Alison","Miller","0"
"416","ballmary@gmail.com","pbkdf2:sha256:150000$BNEsR4Ri$2d229ba725fb01cfddf2fdd261047e0085a57bb05cacba44030a1d1aad663d9e","Jimmy","Nixon","0"
"417","tatejames@yahoo.com","pbkdf2:sha256:150000$FnBOhUb6$d9717ee43fd7ac937a26538abbcf6d634dec70fd9d5e80c49e37b6eca8590c22","John","Johnson","0"
"418","petersonvalerie@yahoo.com","pbkdf2:sha256:150000$bg5xrG8f$36b3306ac6fe736e8652589469383d80e9f5c47f8f79df84b30803ae748384dd","Crystal","Wells","0"
"419","mariabryant@gmail.com","pbkdf2:sha256:150000$qyqW5CXo$1fa82a20be5746fc624bc9ebf475e9f7493ece48f51f928f8e3e477848909264","Thomas","Richardson","0"
"420","gdawson@hotmail.com","pbkdf2:sha256:150000$5vA6phy1$b1f723f3603519b6be3cf441f8a7bb81195bc6e6ac0976fa57a72033e9d52e65","Steven","Lyons","0"
"421","amberhart@gmail.com","pbkdf2:sha256:150000$6M6raHMS$976a771f8f1f663c05530e3d93202fd80346a3e99ff946041c2d3ab962169191","Elizabeth","Schmitt","0"
"422","laurenclark@gmail.com","pbkdf2:sha256:150000$NjbJuAmd$9715a5b8eac2f79bbea941eae5af10b9839db127e1f5496af505d8f5f47f866d","Jeffrey","Brown","0"
"423","gomezalyssa@yahoo.com","pbkdf2:sha256:150000$ZqugEpPi$01a67539abe023fa1b3c09da2ed4fb434dd448eadad5dd92b21e2466b4d0fa89","Michelle","Kelly","0"
"424","howardryan@gmail.com","pbkdf2:sha256:150000$zVy9n9dQ$668b69704c03ca65a6c04861bc00893e6f57219ae3cf58a78105b6a20e699016","Melissa","Ibarra","0"
"425","jhardy@gmail.com","pbkdf2:sha256:150000$yY3FVo34$7fe8e6e2b6c74a77ee201bb7b4a33669d3a014cc379e6ca3eb6fdbb6a37f4ffc","Phillip","Knapp","0"
"426","marysoto@yahoo.com","pbkdf2:sha256:150000$QIEEm25P$1b762484a8a7807cd4b0f6d8af5d7ef6cfd98cd7e30f3fdc93fe61d5f5e2f966","Miguel","Carney","0"
"427","richard89@hotmail.com","pbkdf2:sha256:150000$wPZdZcZt$5f568e17c80643d85b0e07fae7c26d3b99d376fe95c28792c732d98a3afd7b77","Roger","Cook","0"
"428","loganrichards@yahoo.com","pbkdf2:sha256:150000$lxASZZhc$4187802a3387ea5b228dfd9a5af84c4c451c7c896a263f2371d516fee4445dd7","Michele","Lee","0"
"429","kenneth46@yahoo.com","pbkdf2:sha256:150000$S8eQWwVu$eaf1b684ce6fc421018a68af2eb889729fecc56ae57b71164e232847f91c1908","Cory","Brewer","0"
"430","robertwalker@yahoo.com","pbkdf2:sha256:150000$Q3zzy1J1$cf25df349ea779006405dc752f38657c677ba5692628cdeeb50043bab2acf5d8","Evan","Myers","0"
"431","hrodgers@hotmail.com","pbkdf2:sha256:150000$LjEPjgNg$1a0c6b538a6064f33e93b03a01a1cbf982c4a4912e0f3b62475e95d2fc3cd1e8","Megan","Mitchell","0"
"432","davenportsandra@yahoo.com","pbkdf2:sha256:150000$WdamqSpQ$32030358306fc877b5005cb5555692b20d58edfcbe6684190debe21e3b374121","Mike","Mcdowell","0"
"433","renee98@yahoo.com","pbkdf2:sha256:150000$yJtsdyFe$0da4440aa4f46d432d1e7a3b39fef29d4455896d06c4fc60461c53141578903b","Mary","Rose","0"
"434","elizabeth26@yahoo.com","pbkdf2:sha256:150000$BC77xnIO$86a9bc84b0d21e0cd9e3343494990bbb5ba6838a3875de052b6a83ec144b6ca7","Glenn","Watson","0"
"435","wolfethomas@gmail.com","pbkdf2:sha256:150000$aTfyuH2z$66896ea94320d22ff2bfca49d2aaaf3eab302cfc01a2b52f117a4df891cb0413","Mark","Powell","0"
"436","anna46@hotmail.com","pbkdf2:sha256:150000$Gl503bAA$99c487cfb7bcf9c85af998fe31fe499f7af04aea237071bddcba5d65cfca72a4","Wanda","Stephenson","0"
"437","hwilliams@yahoo.com","pbkdf2:sha256:150000$VkaqOda3$4dd0abd4306ec937ad69ec5fc7d2276fd0ad16a9e44e252bef9c40c248a8bc4d","Anthony","Parker","0"
"438","vincentturner@hotmail.com","pbkdf2:sha256:150000$Rl3903SD$0bec53076fcae480692e6c4eaf0c2d62b61aa13795daf0c520e51efeeb6a245c","Alyssa","Hendrix","0"
"439","melissaking@gmail.com","pbkdf2:sha256:150000$sw9IdBJt$d6e3d2011583ce7d846267bda83bb8d5da6368099f05a1556d3d4ba0a4f2e10a","Jessica","Lambert","0"
"440","ghuffman@yahoo.com","pbkdf2:sha256:150000$Tpz9UKTP$9750b2ab969d784176204af979c667579dcd57042ae8fab87e3130431c015512","Wendy","Klein","0"
"441","barrettheather@hotmail.com","pbkdf2:sha256:150000$tUrp6LhM$60d6c6136d5dd5e54abc49d81ea8e3520b088c4d0b0e34a30026101b196a17c5","Matthew","Jackson","0"
"442","qharrell@gmail.com","pbkdf2:sha256:150000$BFXyb3dA$88f5e5311fd5e1ff1db9c96b0c543120623319d60af3afc4169b8d16400bb73d","Robert","Hall","0"
"443","amandagarner@gmail.com","pbkdf2:sha256:150000$4xsg1UIr$49307274261abcf51e04c0da7f6479ef7d30ba6763af54f2679d906a154df794","Amy","Nielsen","0"
"444","xlevy@gmail.com","pbkdf2:sha256:150000$RZOH6UCl$380a8f4eed88f521b7a4727a922147834663da05bd5e93a37fd3cc87ad015f40","Ryan","King","0"
"445","carolinecooley@gmail.com","pbkdf2:sha256:150000$Sm5VkrnB$0089c29c8e334eb12c36f9427db48e2770b240e7e72d68c353884ec392200ebf","Cindy","Vaughn","0"
"446","jonathanthompson@hotmail.com","pbkdf2:sha256:150000$XSW0IrGq$1fd677b76f7914036aec656864c1396a0204588b96f9b7e21969dee77ffef4db","Shannon","Dixon","0"
"447","craig52@hotmail.com","pbkdf2:sha256:150000$b2QRYSy5$96df05c3c5275657a073943937edd3451a7df365eeb111fea47451b8d916a87c","Phillip","Keller","0"
"448","ronald26@yahoo.com","pbkdf2:sha256:150000$jnnAh7Z6$ea7876e8ee80300ad74ad91f99e94d5d9b25eb11d4862a0a2b81f03df1af8421","Gary","Pace","0"
"449","campbellstephanie@yahoo.com","pbkdf2:sha256:150000$Aeiw78Ol$4d9922f76a41a1aa0316f3f12504552eedffabdd2f743045d8587e656f7677d5","Curtis","DDS","0"
"450","mshelton@yahoo.com","pbkdf2:sha256:150000$VbshwBZ5$0a12e8c08da219920122c032d5432f86405a9d3a794c4b67c43dfce744abe88d","Mr.","Jr.","0"
"451","kgray@hotmail.com","pbkdf2:sha256:150000$rF4hMhWz$adf65bec920d5bee9bc979074ea5ae45e3f8fbf755c6fccec449924a4690f5f5","Joshua","Nguyen","0"
"452","cooperrachel@yahoo.com","pbkdf2:sha256:150000$yr4RMyux$60221fb8ad6d57baaec19dbc58e1b5e0d488f78435c0dfee8d1eb2fcf486e323","Gilbert","Jackson","0"
"453","nwalker@hotmail.com","pbkdf2:sha256:150000$3ipQWc9e$25270e91cc5fb9fe80e6a26653dd7c432e69b0f80775ef50b17c0ead36c8171d","Rachael","Ford","0"
"454","zho@hotmail.com","pbkdf2:sha256:150000$B9zesAfd$e2777fbdb80d0a3f67dfee49a3955925088974f889cd12f441c86e5f6b120fb9","Brittney","Castillo","0"
"455","bowenlori@hotmail.com","pbkdf2:sha256:150000$ZJ84uvj3$04741d4cc1721797f7c34a6470cb33f00ed5ee951b084ed624b9776d36cc8f71","Erica","King","0"
"456","john64@gmail.com","pbkdf2:sha256:150000$MKe9bRmf$56e48c12057e0db28603f82342b9179b95894f2611d47d60ce63108d4b72b2b7","John","Frank","0"
"457","rsmith@yahoo.com","pbkdf2:sha256:150000$vrOBLa8R$962b5095429759b24e517fdea8cd33a3b360b03bf0534c1ae87a9f4980f98e34","Miguel","Soto","0"
"458","alejandra42@yahoo.com","pbkdf2:sha256:150000$0queUYy1$7af44bd91ec3dc062893736ced899a6d1a55b9c9265c820bfd7422123a0f95be","Matthew","Cain","0"
"459","marycarroll@gmail.com","pbkdf2:sha256:150000$x0fNePyh$4c74dc7418f898b5074339b8db1339298f1ef7f261b11c764b518fc633ae1f68","Julie","Guerrero","0"
"460","mwatson@yahoo.com","pbkdf2:sha256:150000$Nhi50vT9$373faf0aa83d5535efd2d0980afd18433f35c9c56ec786e970d51d565a21814d","Shannon","Franklin","0"
"461","xwells@hotmail.com","pbkdf2:sha256:150000$Xidi0Jdv$12a440c1cb86e41bbba2962dc3e3799530867c86850ebdf5ceb4d986567525cd","Vanessa","Smith","0"
"462","jasonperez@hotmail.com","pbkdf2:sha256:150000$zojch0Be$24b7f12b75a65c154b6db53bc5efa96b7a04fec3ca3eb2636cbcd223eef51bfd","Darren","Buchanan","0"
"463","andrewmann@hotmail.com","pbkdf2:sha256:150000$Qr9wmiL1$acfce731fe4eabd5fdea8cf20ee8f14d0eaf603da3d0eca855904167ad06363e","Shannon","Wright","0"
"464","lharris@yahoo.com","pbkdf2:sha256:150000$lv9EQr8O$4c7c86113193110e11981098d56188b4c1c93508e5cb3af175a72c22b7758c24","Edward","Jackson","0"
"465","cynthia75@hotmail.com","pbkdf2:sha256:150000$sHyPl8Wv$493da855c3438f70319c366080aa6593919dd5d691b8c44843e056bcc26d9098","Roy","Nichols","0"
"466","james44@yahoo.com","pbkdf2:sha256:150000$CB89DKP2$afdaf88b029e990e7987ca76a5cae866bae26adf272f62b1f3b154bfaf10f852","Amy","Barrett","0"
"467","bridgesjames@yahoo.com","pbkdf2:sha256:150000$IUN5C378$bb18fd0bd56ff63bc4df4cc48bd2871b1cb8912ba32a2b1b729f2840db93c49b","Joseph","Rogers","0"
"468","brianphillips@hotmail.com","pbkdf2:sha256:150000$Z8z2ShOj$e1d278798fa850cdb4aa4c3dcfaab4c9f96ca8f9940e2a0e3d144f77f58d9ab8","David","Bishop","0"
"469","elizabeth75@yahoo.com","pbkdf2:sha256:150000$Abl9bsAi$a12794c5a8bb82fa407424e34eb73468a6ed475e9f35a676b8367198acd427ec","Gina","Golden","0"
"470","usmith@yahoo.com","pbkdf2:sha256:150000$KPRsul2k$ccfdd301cc483603273cc42fd42bfdb439bdb7aff7f411aa038d1013f515264a","Jason","Young","0"
"471","rebecca30@hotmail.com","pbkdf2:sha256:150000$I8E6ohcR$a7c1515a612dc8e7b666c89ca2a74c996c5f5febd59d18897f876ef140631ac4","Joseph","Hicks","0"
"472","prodriguez@yahoo.com","pbkdf2:sha256:150000$3Io4mkbK$204415ece671434542b47548169b5060e39106a63af5b06c342472476131348d","Matthew","Kelly","0"
"473","orozcovanessa@yahoo.com","pbkdf2:sha256:150000$TTVEznDl$30de87d3761fb2c682f47c05d5b4014f0aecb2af658bcee6fd101c0f1afdbb9d","Christopher","Foster","0"
"474","randall01@hotmail.com","pbkdf2:sha256:150000$henoSRSM$563dc371ed47f83972ea3adb15102dadb24a99f329c7c1c0ba81fc8df7403d9b","Mark","Lopez","0"
"475","jameskatelyn@gmail.com","pbkdf2:sha256:150000$rWJtGrMX$504a3bdc271cde05aca5eef839a544b842325a8579595ee4ab9a752398d978d6","Brooke","Dixon","0"
"476","kylejackson@hotmail.com","pbkdf2:sha256:150000$x5aN7udg$1d966e630ddc5bf4935948353f1f3d4e2e641a24f47ad6db79416257578f2fbc","Steven","Ellis","0"
"477","erinpowers@yahoo.com","pbkdf2:sha256:150000$6cuqGBhL$1450cd9445241a070aa5fcf16db43b7a5cf17a78a2b519f5bbca8217596cc0c0","Tyler","Waters","0"
"478","kylewood@gmail.com","pbkdf2:sha256:150000$QR1nuyq7$55e98749f9234c4cec846e68203f2d89e545009c5cfd2e1215f7be890ad0922b","Jonathan","Horton","0"
"479","heather06@yahoo.com","pbkdf2:sha256:150000$him8vCy5$e65eea6e94b1e0254f548b627f7b55f8f41c05d9d882d99f079db6587abe2fc0","James","Evans","0"
"480","bobbyfrank@hotmail.com","pbkdf2:sha256:150000$OZZyMScR$8a324ee8fbecfd7c0a3ef5e28f717a2f2ebd4cd9a1fe97849099f730cd30d5c5","Michael","Thompson","0"
"481","amandacole@gmail.com","pbkdf2:sha256:150000$98KibL0G$b007b2264f5f88cc881c28a24df5feafaac83ca8260760e7ebbf353c60e170dc","Sandra","Charles","0"
"482","donald30@yahoo.com","pbkdf2:sha256:150000$L09NT9Kp$20c8095ed678e97228ffa04b537e605642733e2442dcf5510f86a918e976895e","David","Allen","0"
"483","rushgregory@hotmail.com","pbkdf2:sha256:150000$dwB0aKTM$db31eda745675ee5467c03ea50706e617213f54248b63f3b3f6fa9d0d9380c67","Jose","Adams","0"
"484","dlopez@gmail.com","pbkdf2:sha256:150000$holo6s43$6a2ecacf92c17d39ef36e80c5c44ff248c8cd52df3926447a03efc3529622adc","Dana","Park","0"
"485","parkerpatrick@yahoo.com","pbkdf2:sha256:150000$KeuhgC51$090aa9f15cf02b7f3d3c3845c9f6930deecb28a4b780fe97bf2462dd537a8fee","Dawn","Deleon","0"
"486","jwhite@hotmail.com","pbkdf2:sha256:150000$Sj6XJQ82$30be47e3427479cf500e21ee46569316179cd97f98cd4f9451732308da3f0e57","Ronnie","Williams","0"
"487","hmoran@gmail.com","pbkdf2:sha256:150000$vNvmzq0T$72d32468818f10aba6b82d826a1099378e715eaa389f10c16f782bef257b3584","James","Bryant","0"
"488","luke01@gmail.com","pbkdf2:sha256:150000$VBrkr50f$932889b0a0a213c92b2f07bd863903d3e8efb3e5bcbee5588da64d33f8f2cb7c","Taylor","Cannon","0"
"489","burnettanthony@gmail.com","pbkdf2:sha256:150000$3NTeKTIh$3ef471e3b9ae15b4fc5cfe3956a83f91a65935df7a9d197671e0bf2e1f74c46f","Ashley","Zimmerman","0"
"490","mary14@yahoo.com","pbkdf2:sha256:150000$laFt6bIz$d19ce41618fe0b66796df8a9fabca7fae4e76b0f49132c5ba3aac5ef41365c83","Joshua","Weber","0"
"491","donnadixon@yahoo.com","pbkdf2:sha256:150000$W5qgj3vg$65d85ec17dabec6c7495a2a61d0ee5281ed14b2a1378327c6aff6b55e637d87c","Lori","Perry","0"
"492","irobertson@hotmail.com","pbkdf2:sha256:150000$o5DAVXSa$df050010428c6bf8c05f61090683d02ed8ec07ba27ee5c17e684d2ef5391084a","Rebecca","Adams","0"
"493","ruthpowers@hotmail.com","pbkdf2:sha256:150000$GJL7Oe0a$956623dc54e64bad3a89f9402148c7804ac9561e508973ec564be54b684f80fd","Jonathan","DDS","0"
"494","zgoodman@yahoo.com","pbkdf2:sha256:150000$rHDLRejr$7221c2217a20c19e8ca0f8062eb82a490b994e4f56b16c83dd7e8da7f5577dce","Carolyn","Wilson","0"
"495","derrickstrong@yahoo.com","pbkdf2:sha256:150000$tqMbZoKn$df25bebfa9c275475ddca19530d6baf5df2cf8579187b76353654ec2e84db2e9","Kenneth","Garcia","0"
"496","pam74@gmail.com","pbkdf2:sha256:150000$KJxag0ss$d3d83d8e46895c7399d46b1ce02caebbc22ea22e6219b857901146b3c7f323eb","Jose","Taylor","0"
"497","gainesalan@gmail.com","pbkdf2:sha256:150000$PVbI2P08$5b78b9939f3c329d89d6fc88c72901094b11e539ebbc455c04332de1b26839e5","Christine","Mayer","0"
"498","phenderson@yahoo.com","pbkdf2:sha256:150000$j66atyK1$5e5f023440eff7175803fe737becfc4690cd7a0312a46ae5cbbb69dba3f43584","Marc","DDS","0"
"499","brian44@yahoo.com","pbkdf2:sha256:150000$KevtWCaM$d573a190180fe48146ad6d1fdd52550c5f3e22a1b6814617453db33aac37da2a","Mary","Maldonado","0"
